NAME_001011010001010코0=001011010001010
NAME_00110001코0=00110001
NAME_00110010코0=00110010
NAME_00110011코0=00110011
NAME_00110100코0=00110100
NAME_00110101코0=00110101
NAME_01000001_01001001코0=01000001 01001001
NAME_0101010111코0=0101010111
NAME_234th_Dwamak_Bashers코0=234th Dwamak-Bashers
NAME_5th_Dimensionalists코0=5th Dimensionalists
NAME_607th_Drone_Wing코0=607th Drone Wing
NAME_982nd_Drone_Wing코0=982nd Drone Wing
NAME_AH4B코0=AH4B
NAME_AI코0=AI
NAME_AI_Core코0=AI Core
NAME_AI_Final_Core코0=Master Core
NAME_ANED코0=ANED
NAME_APED코0=APED
NAME_Abandoned_Alien_Vessel코0=Abandoned Alien Vessel
NAME_Aberrant코0=Aberrant
NAME_Abyssal_Host코0=Abyssal Host
NAME_Adjuster코0=Adjuster
NAME_Alien_Hive코0=Alien Hive
NAME_Alien_Ship코0=Alien Ship
NAME_Alpha코0=Alpha
NAME_Alpha_Female코0=Alpha Female
NAME_Alpha_Male코0=Alpha Male
NAME_Ancient_AI코0=Ancient AI
NAME_Ancient_AI_Fleet코0=Ancient AI Fleet
NAME_Ancient_Drones코0=Ancient Drones
NAME_Ancient_Drones코0=Ancient Drones
NAME_Ancient_Mining_Drones코0=Ancient Mining Drones
NAME_Angered_Tiyanki코0=Angered Tiyanki
NAME_Angry_Couple코0=Angry Couple
NAME_Archivist코0=Archivist
NAME_Armada_of_the_Voidborn코0=Armada of the Voidborn
NAME_Asteroid코0=Asteroid
NAME_Avatar코0=Avatar
NAME_Awoken코0=Awoken
NAME_Awoken_Army코0=Awoken Army
NAME_Awoken_Robot코0=Awoken
NAME_Baldarak코0=Baldarak
NAME_Bane_of_the_Heretic코0=Bane of the Heretic
NAME_Benevolence코0=Benevolence
NAME_Beta코0=Beta
NAME_Burnt-Out_Science_Ship코0=Burnt-Out Science Ship
NAME_Butterfingers코0=Butterfingers
NAME_Buzzkill코0=Buzzkill
NAME_Caravaneer_Coalition_Base코0=Coalition Base
NAME_Caravaneer_Fleet1코0=The Vengralian Trium
NAME_Caravaneer_Fleet1_country코0=The Vengralian Trium
NAME_Caravaneer_Fleet1_fleet코0=Orlan Memorial Caravan
NAME_Caravaneer_Fleet1_species코0=Vengral
NAME_Caravaneer_Fleet2코1=The Numistic Order
NAME_Caravaneer_Fleet2_fleet코0=Winds of Fortune
NAME_Caravaneer_Fleet2_ship코0=Wind of Fortune
NAME_Caravaneer_Fleet2_species코1=Merchant of Numa
NAME_Caravaneer_Fleet2_species_plural코1=Merchants of Numa
NAME_Caravaneer_Fleet3코0=Racket Industrial Enterprise
NAME_Caravaneer_Fleet3_fleet코0=Racket Industrial Fleet
NAME_Caravaneer_Fleet3_ship코0=Rattletrap
NAME_Caravaneer_Fleet3_species코0=Racket
NAME_Caravaneer_Fleet3_species_plural코0=Rackets
NAME_Caravaneer_Home코0=Caravansary Caravan Coalition
NAME_Caretaker코0=Caretaker AX7-b
NAME_Chabkymak코0=Chabkymak
NAME_Chasmal_Horde코0=Chasmal Horde
NAME_Chors_Compass코0=Chor's Compass
NAME_Chosen_of_the_Great_Khan코0=Chosen of the Great Khan
NAME_Cleanser코0=Cleanser
NAME_Cloaker코0=Cloaker
NAME_Cockroach코0=Cockroach
NAME_Comet_Sighted코0=Comet Sighted
NAME_Constructor코0=Constructor
NAME_Contingency코0=Contingency
NAME_Contingency_Lair코0=Nexus Zero-One
NAME_Contingency_System코0=CX-9881
NAME_Corrupted_Avatar코0=Corrupted Avatar
NAME_Cortus코0=Cortus
NAME_Creatures_of_the_Shroud코0=Creatures of the Shroud
NAME_Crystalline_Entity코0=Crystalline Entity
NAME_Cult_Defense_Fleet코0=Cult Defense Fleet
NAME_Cultist_Flagship코0=Cultist Flagship
NAME_Cultist_Marauders코0=Cultist Marauders
NAME_Cultist_Shipyard코0=Cultist Shipyard
NAME_Cunning_Pirates코0=Cunning Pirates
NAME_Custodian_Bot코0=Custodian Bot
NAME_Cybrex코0=Cybrex
NAME_Cybrex_Beta코0=Cybrex Beta
NAME_Cybrex_Beta_1코0=Cybrex Beta I
NAME_Cybrex_Beta_2코0=Cybrex Beta II
NAME_Cybrex_Beta_3코0=Cybrex Beta III
NAME_Cybrex_Beta_4코0=Cybrex Beta IV
NAME_Cybrex_Empire코0=Cybrex Remnant
NAME_Czyrni코0=Czyrni
NAME_DJER코0=DJER
NAME_Damaged_Pillager코0=Damaged Pillager
NAME_Dark_Matter_Smugglers코0=Dark Matter Smugglers
NAME_Dark_Wanderer코0=Dark Wanderer
NAME_Dawn_of_Creation코0=Dawn of Creation
NAME_Dead_Species코0=Dead Species
NAME_Defaced_Gunmouth코0=Defaced Gunmouth
NAME_Defaced_Starflinger코0=Defaced Starflinger
NAME_Defender코0=Defender
NAME_Deformed_Creatures코0=Deformed Creatures
NAME_Delta코0=Delta
NAME_Dessanu코0=Dessanu
NAME_Dessanu_Consonance코0=Dessanu Consonance
NAME_Dessanu_Fleet코0=Dessanu Defense Fleet
NAME_Dessanu_Fleet_2코0=Dessanu Patrol Fleet
NAME_Dessanu_Interdictor코0=Wirsik
NAME_Dessanu_Mothership코0=Unthra
NAME_Dices코0=Dices
NAME_Dimensional_Horror코0=Dimensional Horror
NAME_Dimensional_Portal코0=Dimensional Portal
NAME_Divine_Fury코0=Divine Fury
NAME_Divine_Justicar코0=Divine Justicar
NAME_Divine_Vessel코0=Divine Vessel
NAME_Doctor_Xib코0=Doctor Xib
NAME_Domesticated_Prethoryn코0=Domesticated Prethoryn
NAME_Domesticated_Queen코0=Domesticated Queen
NAME_Domesticated_Swarmling코0=Domesticated Swarmling
NAME_Domesticated_Warrior코0=Domesticated Warrior
NAME_Dragon코0=Dragon
NAME_Dreadnought코0=Dreadnought
NAME_Drone_0931-F코0=Drone 0931-F
NAME_Drone_1119-X코0=Drone 1119-X
NAME_Drone_1433-D코0=Drone 1433-D
NAME_Drone_1832-D코0=Drone 1832-D
NAME_Drone_2432-D코0=Drone 2432-D
NAME_Drone_4119-X코0=Drone 4119-X
NAME_Drone_5110-X코0=Drone 5110-X
NAME_Drone_6732-A코0=Drone 6732-A
NAME_Drone_7731-A코0=Drone 7731-A
NAME_Early_Warning_X-35코0=Early Warning X-35
NAME_Early_Warning_X-36코0=Early Warning X-36
NAME_Early_Warning_X-37코0=Early Warning X-37
NAME_Early_Warning_X-38코0=Early Warning X-38
NAME_Effluvial_Offspring코0=Effluvial Offspring
NAME_Elderly_Tiyanki코0=Tiyanki Matriarch
NAME_Enforcer코0=Enforcer
NAME_Enraged_Guardian코0=Enraged Guardian
NAME_Enraged_Titan코0=Enraged Titan
NAME_Epsilon코0=Epsilon
NAME_Eternal_Damnation코0=Eternal Damnation
NAME_Ether_Hatchling코0=Ether Hatchling
NAME_Event_Science_Ship코0=Event Science Ship
NAME_Exile코0=Exile
NAME_Exiled_One코0=Exiled One
NAME_Exiled_Pirates코0=Exiled Pirates
NAME_Feral_Prethoryn코0=Feral Prethoryn
NAME_Fifth_Wheel코0=Fifth Wheel
NAME_Final_Judgment코0=Final Judgment
NAME_First_Pillager코0=First Pillager
NAME_First_Ravager코0=First Ravager
NAME_First_Storm_Wing코0=First Storm Wing
NAME_Fleet_Consciousness코0=Fleet Consciousness
NAME_Former_Cult_Flagship코0=Former Cult Flagship
NAME_Fotangia코0=Fotangia
NAME_Foundling코0=Foundling
NAME_Fragment코0=Fragment
NAME_Freedom_Fighters코0=Freedom Fighters
NAME_Frenzied_Volunteer_Squadron코0=Frenzied Volunteer Squadron
NAME_From_Beyond코0=From Beyond
NAME_GRN-664코0=GRN-664
NAME_Galactic_Horde코0=Galactic Horde
NAME_New_Galactic_Horde코0=New Galactic Horde
NAME_Galactic_Nomads코0=Galactic Nomads
NAME_Gallant_Dawn코0=Gallant Dawn
NAME_Gamma코0=Gamma
NAME_Garrison_Base코0=Horde Garrison Station
NAME_Garrison_Fleet코0=Horde Garrison Fleet
NAME_Gatebuilder_Starbase코0=Kaprok
NAME_General_Mojito코0=General Mojito
NAME_Ghost코0=Ghost
NAME_Gish코0=Gish
NAME_Glorious_Might코0=Glorious Might
NAME_Gray코0=Gray
NAME_Gray_Goo코0=Gray Tempest
NAME_Greased_Lightning코0=Greased Lightning
NAME_Great_Wound코0=Great Wound
NAME_Gunslinger코0=Gunslinger Armed Escort
NAME_HAPI코0=HAPI
NAME_Head-in-Sand코0=Head-in-Sand
NAME_Heathens_Doom코0=Heathen's Doom
NAME_Heavenly_Judgment코0=Heavenly Judgment
NAME_Heavenly_Portent코0=Heavenly Portent
NAME_Her_Chosen_Champions코0=Her Chosen Champions
NAME_Hijacked_Fleet코0=Hijacked Fleet
NAME_Hissy_Fit코0=Hissy Fit
NAME_Hiver_Nest코0=Hiver Nest
NAME_Holier_Than_Thou코0=Holier Than Thou
NAME_Holy_Avatar코0=Holy Avatar
NAME_Holy_Defender코0=Holy Defender
NAME_Holy_Protector코0=Holy Protector
NAME_Holy_World_War코0=[This.MainAttacker.GetAdj] Holy World War
NAME_Home_One코0=Home One
NAME_Home_Three코0=Home Three
NAME_Home_Two코0=Home Two
NAME_Homewrecker코0=Homewrecker
NAME_Horde_Auxiliary_Fleet코0=[satrapy_species.GetName] Auxiliaries
NAME_Hostile_Creatures코0=Hostile Creatures
NAME_Hot_Neutrino코0=Hot Neutrino
NAME_Incoming_Asteroid코0=Incoming Asteroid
NAME_Inconspicuous_Asteroid코0=Inconspicuous Asteroid
NAME_Industrial_Army코0=Industrial Army
NAME_Infidel_Slayer코0=Infidel Slayer
NAME_Ingrates_Inferno코0=Ingrate's Inferno
NAME_Invading_Horde코0=Invading Horde
NAME_Junk_Probe_Alpha코0=Junk Probe Alpha
NAME_Junk_Probe_Beta코0=Junk Probe Beta
NAME_KASH코0=KASH
NAME_Karims_Kurmudgeons코0=Karim's Kurmudgeons
NAME_Kellop-Gar코0=Kellop-Gar
NAME_Kix_the_Brilliant코0=Kix the Brilliant
NAME_Kriminals코0=Kriminals
NAME_League_of_Non-Aligned_Powers코0=League of Non-Aligned Powers
NAME_Librarian코0=Librarian
NAME_Life_Tree_Protector코1=Life Tree Protector
NAME_Life_Tree_Protectors코0=Life Tree Protectors
NAME_Looped_Syzygy코0=Looped Syzygy
NAME_Loot-Equipped_Army코0=Loot-Equipped Army
NAME_MERN코0=MERN
NAME_Machine_Uprising_War코0=[This.MainDefender.GetAdj] Machine Uprising
NAME_Main_Forces코0=Main Forces
NAME_Majula_the_Bearer코0=Majula the Bearer
NAME_Marauding_Creatures코0=Marauding Creatures
NAME_Marauding_Swarms코0=Marauding Swarms
NAME_Meat-Bag-Processor코0=Meat-Bag-Processor
NAME_Mercenary_Flotilla코0=Mercenary Flotilla
NAME_Migil-Yar코0=Migil-Yar
NAME_Migrating_Trees코0=Migrating Trees
NAME_Mineral_Extraction_Operation코0=Mineral Extraction Operation
NAME_Modified_Probe코0=Modified Probe
NAME_Mutant_Horrors코0=Mutant Horrors
NAME_Mutated_Horrors코0=Mutated Horrors
NAME_My_First_Ship_II코0=My First Ship II
NAME_Namarian코0=Namarian
NAME_Namarians코0=Namarians
NAME_Nanite_Dragon코0=Simulated Dragonspawn
NAME_Nellie코0=Nellie
NAME_Neo-Chimp코0=Neo-Chimp
NAME_Neo-Chimps코0=Neo-Chimps
NAME_Nesting_Crystals코0=Nesting Crystals
NAME_New_Baldarak코0=New Baldarak
NAME_New_Khanate코0=New [This.GetSpeciesName] Khanate
NAME_New_Ship코0=New Ship
NAME_New_Ships코0=New Ships
NAME_Nivlac코0=Nivlac
NAME_Nivlac_Circle코0=Nivlac Circle
NAME_Nivlacs코0=Nivlacs
NAME_Nomad_Delivery코0=Nomad Delivery
NAME_Nomadic_Armada코0=Nomadic Armada
NAME_Nomadic_Armada코0=Nomadic Armada
NAME_Not_Good_At_Surveying코0=Not Good At Surveying
NAME_Numerous_Pirates코0=Numerous Pirates
NAME_Obscurer코0=Obscurer
NAME_Old_Chomper코0=Old Chomper
NAME_Old_One코0=Old One
NAME_Old_Warriors코0=Old Warriors
NAME_Omega코0=Omega
NAME_Order_of_Eternal_Night코0=Order of Eternal Night
NAME_Oriens코0=Oriens
NAME_Ortus코0=Ortus
NAME_Ostrich코0=Ostrich
NAME_Other_Science_Ship코0=Other Science Ship
NAME_Outcast_Gunmouth코0=Outcast Gunmouth
NAME_Outcast_Starflinger코0=Outcast Starflinger
NAME_Pantagruel코0=Pantagruel
NAME_Paridayda코0=Paridayda
NAME_Patchwork_Paradise코0=Patchwork Paradise
NAME_Path_of_the_Pilgrim코0=Path of the Pilgrim
NAME_Pillager코0=Pillager
NAME_Pious_Crusader코0=Pious Crusader
NAME_Pirate_Fleet코0=Pirate Fleet
NAME_Pirate_Flotilla코0=Pirate Flotilla
NAME_Pirate_Scum코0=Pirate Scum
NAME_Pirate_Station코0=Pirate Station
NAME_Pirates코0=Pirates
NAME_Portal_Holder_1코2=Extradimensional Portal
NAME_Post-Atomic_Army코0=Post-Atomic Army
NAME_Prethoryn코0=Prethoryn
NAME_Prethoryn_Armies코0=Prethoryn Armies
NAME_Prethoryn_Constructor코0=Prethoryn Constructor
NAME_Prethoryn_Infestor코0=Prethoryn Infestor
NAME_Prethoryn_Invaders코0=Prethoryn Invaders
NAME_Prethoryn_Scourge코0=Prethoryn Scourge
NAME_Prethoryn_Star_Brood코0=Prethoryn Star Brood
NAME_Prethoryn_Transport코0=Prethoryn Transport
NAME_Prethoryn_Vanguard코0=Prethoryn Vanguard
NAME_Prikki코0=Prikki
NAME_Prikkiki-Ti코0=Prikkiki-Ti
NAME_Primitive_Army코0=Primitive Army
NAME_Professor_Zarg코0=Professor Zarg
NAME_Progress코0=Progress
NAME_Protector코0=Protector
NAME_Psi코0=Psi
NAME_Psionic_Avatar코0=Psionic Avatar
NAME_Pyorun코0=Pyorun
NAME_RX-2324코0=RX-2324
NAME_Radical_Cult코0=Radical Cult
NAME_Raiding_Fleet코0=Raiding Fleet
NAME_Rampaging_Forest코0=Rampaging Forest
NAME_Rampaging_Forests코0=Rampaging Forests
NAME_Ransomeer_Base코0=Ransomeer Base
NAME_Ransomeers코0=Ransomeers
NAME_Ravager코0=Ravager
NAME_Reckoning코0=Reckoning
NAME_Reclaimed_Ship코0=Reclaimed Ship
NAME_Red_One코0=Red One
NAME_Red_Two코0=Red Two
NAME_Redirected_Nomad_Delivery코0=Redirected Nomad Delivery
NAME_Refugee_Site_Beta코0=Refugee Site Beta
NAME_Refugees코0=Refugees
NAME_Research_Expedition_Vessel코0=Research Expedition Vessel
NAME_Reth_Unddol코0=Reth Unddol
NAME_Revered_Elder코0=Revered Elder
NAME_Righteous_Zealot코0=Righteous Zealot
NAME_Rising_Manifold코0=Rising Manifold
NAME_Roachoid코0=Roachoid
NAME_Robot코0=Robot
NAME_Robotic_Armada코0=Robotic Armada
NAME_Robots코0=Robots
NAME_S8751코0=S875.1 Warform
NAME_SEME코0=SEME
NAME_SHAB코0=SHAB
NAME_SHAR코0=SHAR
NAME_Sacred_Might코0=Sacred Might
NAME_Sage코0=Sage
NAME_Salvage코0=Salvage
NAME_Salvage_Fleet코0=Salvage Fleet
NAME_Salvaged_Fleet코0=Salvaged Fleet
NAME_Savant코0=Savant
NAME_Scavenger_Bot코0=Scavenger Bot
NAME_Scholar코0=Scholar
NAME_Schooner코0=Caravan Schooner
NAME_Scile코0=Scile
NAME_Scorched_Ravager코0=Scorched Ravager
NAME_Scrap_Probes코0=Scrap Probes
NAME_Seaborn코0=Seaborn
NAME_Seaborn_Flotilla코0=Seaborn Flotilla
NAME_Seafallen_Cruiser코0=Seafallen Cruiser
NAME_Second_Pillager코0=Second Pillager
NAME_Second_Ravager코0=Second Ravager
NAME_Sensei_Borkaz코0=Sensei Borkaz
NAME_Sentinel_Auxiliary_Fleet코0=Sentinel Auxiliary Fleet
NAME_Sentinel_Battle_Fleet코0=Sentinel Battle Fleet
NAME_Sentinel_Defense_Fleet코0=Sentinel Defense Fleet
NAME_Ship_of_Unknown_Origin코0=Ship of Unknown Origin
NAME_Shroud_Manifestation코0=Shroud Manifestation
NAME_Slices코0=Slices
NAME_Smugglers코0=Smugglers
NAME_Snakeoid코0=Snakeoid
NAME_Sobak코0=Sobak
NAME_Space_Amoeba코0=Space Amoeba
NAME_Space_Station코0=Space Station
NAME_Spawning_Dragons코0=Freed Dragons
NAME_Specter코0=Specter
NAME_Star_Rider_Flotilla코0=Star Rider Flotilla
NAME_Stellar_Devourer코0=Stellar Devourer
NAME_Stellarite코0=Stellarite
NAME_Stellarite_Devourer코0=Stellarite Devourer
NAME_Sterilization_Hub_1코0=Sterilization Hub 001
NAME_Sterilization_Hub_2코0=Sterilization Hub 002
NAME_Sterilization_Hub_3코0=Sterilization Hub 003
NAME_Sterilization_Hub_4코0=Sterilization Hub 004
NAME_Subatomic코0=Subatomic
NAME_Subspace_Anomaly코0=Subspace Anomaly
NAME_Subterranean_Empire코0=Subterranean Empire
NAME_Subterranean_Nation코0=Subterranean Nation
NAME_Sunblaster_Pirates코0=Sunblaster Pirates
NAME_Suntha-Pol코0=Suntha-Pol
NAME_Surplus_I코0=Surplus
NAME_Surplus_II코0=Surplus
NAME_Surplus_III코0=Surplus
NAME_Swashbuckler코0=Swashbuckler
NAME_Synthetic코0=Synthetic
NAME_Synthetics코0=Synthetics
NAME_Syzygy코0=Syzygy
NAME_TAHA코0=TAHA
NAME_TANT코0=TANT
NAME_TEST_PROJECT코0=TEST_PROJECT
NAME_TIME_IS_SIGHT_GRAVITY_IS_DESIRE코0=TIME IS SIGHT GRAVITY IS DESIRE
NAME_Tau코0=Tau
NAME_Tempest_Fleet코0=Tempest Shoal
NAME_Temple_of_Light코0=Temple of Light
NAME_Test코0=Test
NAME_The_Chosen_One코0=The Chosen One
NAME_The_End코0=The End
NAME_The_Exile코0=The Exile
NAME_The_Loop코0=The Loop
NAME_The_Mentat코0=The Mentat
NAME_The_Shroud코0=The Shroud
NAME_The_War_in_Heaven코0=The War in Heaven
NAME_Third_Pillager코0=Third Pillager
NAME_Third_Ravager코0=Third Ravager
NAME_Titanic_Life코0=Titanic Life
NAME_Titans코0=Titans
NAME_Tiyanki_Bull코0=Tiyanki Bull
NAME_Tiyanki_Cow코0=Tiyanki Cow
NAME_Tollok_Rong코0=Tollok Rong
NAME_Tradestation_Tungle코0=Tradestation Tungle
NAME_Tricksy_Mining_Drones코0=Tricksy Mining Drones
NAME_Tuborek코0=Tuborek
NAME_Twilight_Congregation코0=Twilight Congregation
NAME_Twisted_Beasts코0=Twisted Beasts
NAME_Unbidden코0=Unbidden
NAME_Unhinged_Screamer_Flotilla코0=Unhinged Screamer Flotilla
NAME_Unknown코0=Unknown
NAME_Unknown_Ancientry코0=Unknown Ancientry
NAME_Unscrupulous_Salvagers코0=Unscrupulous Salvagers
NAME_Unyielding_Faith코0=Unyielding Faith
NAME_Vehement코0=Vehement
NAME_Void_Cloud코0=Void Cloud
NAME_Worm-in-Waiting코0=Worm-in-Waiting
NAME_Wounded_Pirates코0=Wounded Pirates
NAME_Wraith코0=Wraith
NAME_Wraith_450THz코0=Wraith 450THz
NAME_Wraith_520THz코0=Wraith 520THz
NAME_Wraith_650THz코0=Wraith 650THz
NAME_Wrath_of_the_Spirits코0=Wrath of the Spirits
NAME_Wrecker_Base코0=Wrecker Base
NAME_Wreckers코0=Wreckers
NAME_XADRA코0=XADRA
NAME_XELMAGGUS코0=XELMAGGUS
NAME_XILNIAK코0=XILNIAK
NAME_XUNIA코0=XUNIA
NAME_XUUL코0=XUUL
NAME_YAQU코0=YAQU
NAME_Yojimbo코0=Yojimbo Armed Escort
NAME_Young_Dragon코0=Immature Specimen
NAME_aggro_40코0=aggro 40
NAME_aggro_60코0=aggro 60
NAME_aggro_80코0=aggro 80
NAME_aggro_def_20코0=aggro def(20)
NAME_enigmatic_cache코0=Enigmatic Cache
NAME_fleet2_hired_leader코1=Numistic Ecclesiast
NAME_mardak_vol_haters코0=Vol
NAME_mardak_vol_haters_fleet코0=Mardak Purgers
NAME_merchant_leader코0=Prakhti Maghoun
NAME_putte코0=putte
NAME_test_fleet코0=test fleet
Territorial_Invasion코0=Territorial Invasion
Eye_of_Bal코0=Eye of Bal
NAME_Grunur코0=Grunur
NAME_Grunur_Prime코0=Grunur Prime
NAME_Nu_Baol코0=Nu-Baol
NAME_Caravaneer_Starbase코0=Caravan Beacon
NAME_Zarqlans_Pilgrims코0=Zarqlan's Pilgrims
NAME_Loyal_Brood코0=Loyal Brood
NAME_Shard코0=Shard
NAME_Grand_Dragon코0=Grand Dragon
NAME_Oracle코0=Oracle
NAME_Grand_Herald코0=The Grand Herald
NAME_Herald코0=Herald
NAME_Armistice_Initiative코0=Armistice Initiative
NAME_Occupation_Flotilla코0=Occupation Flotilla
NAME_Autonomous_Drone코0=Autonomous Drone
NAME_Zron코0=Zron
NAME_Zron_Prime코0=Zron Prime
NAME_planetary_mechanocalibrator코0=C.A.R.E
NAME_care_defensive_protocols코0=C.A.R.E Mega-Warform
NAME_Shard_Dragon코0=Grandest Dragon
space_dragon_blue코0=Grand Dragon
space_dragon_blue_plural코0=Grand Dragons
NAME_Sentinels코0=Sentinels
NAME_The_Fragments코0=The Fragments
NAME_Hauer코0=Hauer
NAME_Aureyon코0=Au'Reyon
NAME_Stykkia코0=Stykkia
NAME_Baage코0=Baage
NAME_Piyhl코0=Pi'Yhl
NAME_Straeng코0=Straeng
NAME_Bhete코0=Bhete
NAME_Bhetea코0=Seidun
NAME_Bheteb코0=Eury
NAME_Floe코0=Floe
NAME_Snaara코0=Snaara
NAME_Snaaraa코0=Fahnge
NAME_Baelte코0=Bael'te
NAME_Spjuuht코0=Spjuuht
NAME_Lessenger코0=Lesser Messenger
NAME_Lesser_Messenger코0=The Lesser Messenger
NAME_Mining_Drone_C_Class코0=Mining Drone C Class
NAME_Gateway_Vermin코0=Gateway Vermin
NAME_Commonwealth_of_Man코0=Commonwealth of Man
sentinel_army코0=Sentinels
NAME_ThwaaPhyr코0=Thwaa'Phyr
NAME_Vemetosha코0=Vemetosha
NAME_The_Captain코0=The Captain
NAME_Crystalline_Elites코0=Crystalline Elites
NAME_Warder_of_the_Ruins코0=Warder of the Ruins
NAME_Wenkwort코0=Wenkwort
NAME_wenkwort_prime코0=Wenkwort Artem
NAME_wenkwort_moon코0=Milfod
NAME_wenkwort_2코0=Rellrait
NAME_wenkwort_3코0=Burave
NAME_wenkwort_4코0=Machren
NAME_Gardeners코0=Audon Caretakers
NAME_wenkwort_asteroid코0=Truin
NAME_Wenkwort_Keeper코0=Audon Custodian" #Species
NAME_Wenkwort_Keepers코0=Audon Custodians
NAME_Gardener_Drones코0=Caretaker Division 14-WW" #Fleet
NAME_Gardener_Drone코0=Audon Caretaker Unit" #Ship Design
NAME_Gardener1코0=CT Perton
NAME_Gardener2코0=CT Sparton-Bron
NAME_Gardener3코0=CT Whisenton
NAME_Wenkwort_Enforcers코0=Enforcer Division 61-VL" #Fleet
NAME_Wenkwort_Enforcer코0=Audon Cruiser" #Ship Design
NAME_Tiyanki_Hatchling코0=Tiyanki Hatchling
NAME_Hatchling코0=Hatchling
NAME_Tiyana_Vek코0=Tiyana Vek
NAME_Zathika_Mev코0=Zathika Mev
NAME_Surribzha코0=Surrib'Zha
NAME_Yllarv코0=Yllarv
NAME_Khetzhavu코0=Khet'Zhavu
NAME_Dulna코0=Dulna
NAME_Valzhuva코0=Val'zhu'Va
NAME_Subspace_Rupture_Cloud_1코0=Subspace Rupture XV-990
NAME_Subspace_Rupture_Cloud_2코0=Subspace Rupture R-5921
NAME_Subspace_Rupture_Cloud_3코0=Subspace Rupture TLZ-84
NAME_VLUUR코0=VLUUR
NAME_Mining_Drone_Expansion_Initiative코0=Mining Drone Expansion Initiative
NAME_Mining_Drone_Expansion_Fleet코0=Mining Drone Expansion Fleet
NAME_Aggressive_Mining_Drone_Expansion_Initiative코0=Forceful Drone Expansion Initiative
NAME_Aggressive_Mining_Drone_Expansion_Fleet코0=Aggressive Drone Expansion Fleet
NAME_Thalassocracy코0=Bemat Thalassocracy
NAME_Thalassocracy_species코0=Bemat
NAME_Thalassocracy_species_plural코0=Bemats
NAME_Thalassocracy_species_adj코0=Bemati
NAME_Thalassocracy_fleet코0=Acquisitor Fleet
NAME_Bemat_corvette_01코0=Simne
NAME_Bemat_destroyer_01코0=Nabaz
NAME_Bemat_destroyer_02코0=Ermeh
NAME_Bemat_cruiser_01코0=Hebehr
NAME_Bemat_cruiser_02코0=Eddek
NAME_training_adversary코0=Training Adversary
NAME_Training_Targets코0=Training Exercise Targets
NAME_Elusive_Craft코0=Elusive Craft
NAME_Amor_Alveo코0=Amor Alveo
NAME_Amor_Toreo코0=Amor Toreo
NAME_Amor_Dareetheo코0=Amor Dareetheo
NAME_Veronax코0=Veronax
NAME_Evor_Aras코0=Evor Aras
NAME_Evor_Tomos코0=Evor Tomos
NAME_Eberax코0=Eberax
NAME_Tharonax코0=Tharonax
NAME_Narnax코0=Narnax
NAME_Tior코0=Tior
NAME_Lemior코0=Lemior
NAME_Isior코0=Isior
NAME_Selor코0=Selor
NAME_Theresior코0=Theresior
NAME_Pesior코0=Pesior
NAME_Space_Amoebas_United코0=Space Amoeba Gathering
NAME_Amoeba_Swarm코0=Amoeba Swarm
NAME_Cracked_Crystalline_Shard코0=Cracked Crystalline Shard
NAME_Rebellion코0=Rebel Coalition
NAME_Loyalists코0=Imperial Loyalists
NAME_The_Civil_War코0=The Galactic Rebellion
NAME_Declared_Crisis_War코0=[This.MainDefender.GetAdj] Crisis War
NAME_Crisis_Star_Eater코0=Devourer
NAME_GDF코0=Galactic Defense Force
NAME_Imperial_Crusade_War코0=Galactic Imperial Crusade
NAME_Eldritch_Horror코0=Eldritch Horror
NAME_The_Outer_Gate코0=The Outer Gate
NAME_Snow_Crystal코0=Snow Crystal
NAME_Central_Crystal_Country코0=Crystalline Empire
NAME_Central_Crystal_Species코0=Zer-Ayaki
