Aleph코0=Aleph
Alpha코0=Alpha
Angels코0=Angels
Apostles코0=Apostles
Ayin코0=Ayin
Banshees코0=Banshees
Beta코0=Beta
Beth코0=Beth
Blimps코0=Blimps
Bogies코0=Bogies
Bogles코0=Bogles
Boojums코0=Boojums
Bravo코0=Bravo
Brownies코0=Brownies
Bugbears코0=Bugbears
Cacodemons코0=Cacodemons
Centaurs코0=Centaurs
Changelings코0=Changelings
Charlie코0=Charlie
Chi코0=Chi
Chimeras코0=Chimeras
Clowns코0=Clowns
Cooks코0=Cooks
Creeps코0=Creeps
Croaks코0=Croaks
Crooks코0=Crooks
Crunchers코0=Crunchers
Daleth코0=Daleth
Delta코0=Delta
Demons코0=Demons
Devas코0=Devas
Devils코0=Devils
Doolies코0=Doolies
Dragons코0=Dragons
Echo코0=Echo
Epsilon코0=Epsilon
Eta코0=Eta
Extros코0=Extros
Fairies코0=Fairies
Fauns코0=Fauns
Fetches코0=Fetches
Fiends코0=Fiends
Floaters코0=Floaters
Foxtrot코0=Foxtrot
Freaks코0=Freaks
Frights코0=Frights
Frogs코0=Frogs
Furies코0=Furies
Gamma코0=Gamma
Genies코0=Genies
Ghosts코0=Ghosts
Ghoulies코0=Ghoulies
Gimel코0=Gimel
Gnomes코0=Gnomes
Goblins코0=Goblins
Golems코0=Golems
Golf코0=Golf
Goonies코0=Goonies
Goosecreatures코0=Goosecreatures
Gorgons코0=Gorgons
Gremlins코0=Gremlins
Grendels코0=Grendels
Griffins코0=Griffins
Groogies코0=Groogies
Harpies코0=Harpies
Haunters코0=Haunters
He코0=He
Heth코0=Heth
Hippos코0=Hippos
Hobgoblins코0=Hobgoblins
Hombres코0=Hombres
Hotel코0=Hotel
Houries코0=Houries
Howlies코0=Howlies
Hydras코0=Hydras
Ickies코0=Ickies
Ifrits코0=Ifrits
Ikiryos코0=Ikiryos
Ikuchis코0=Ikuchis
Imps코0=Imps
India코0=India
Iota코0=Iota
Jabberwocks코0=Jabberwocks
Jackalopes코0=Jackalopes
Jinkies코0=Jinkies
Juliett코0=Juliett
Kaph코0=Kaph
Kappa코0=Kappa
Kelpies코0=Kelpies
Kilo코0=Kilo
Kitsunes코0=Kitsunes
Kobolds코0=Kobolds
Krakens코0=Krakens
Lambda코0=Lambda
Lamedh코0=Lamedh
Lamias코0=Lamias
Lemures코0=Lemures
Lima코0=Lima
Lurkers코0=Lurkers
Manes코0=Manes
Manticores코0=Manticores
Mazikeen코0=Mazikeen
Mem코0=Mem
Mermaids코0=Mermaids
Merries코0=Merries
Mike코0=Mike
Minotaurs코0=Minotaurs
Mirages코0=Mirages
Mogwais코0=Mogwais
Morphies코0=Morphies
Mu코0=Mu
Munchers코0=Munchers
Muppets코0=Muppets
Murmies코0=Murmies
Nagas코0=Nagas
Naiads코0=Naiads
Nephilim코0=Nephilim
Nightmares코0=Nightmares
Nixies코0=Nixies
November코0=November
Nu코0=Nu
Nun코0=Nun
Nymphs코0=Nymphs
Obakes코0=Obakes
Ogres코0=Ogres
Omega코0=Omega
Omicron코0=Omicron
Onis코0=Onis
Oscar코0=Oscar
Others코0=Others
Outers코0=Outers
Papa코0=Papa
Pards코0=Pards
Pe코0=Pe
Phantoms코0=Phantoms
Phi코0=Phi
Pi코0=Pi
Podlings코0=Podlings
Poxies코0=Poxies
Psi코0=Psi
Qoph코0=Qoph
Quebec코0=Quebec
Rakshasas코0=Rakshasas
Res코0=Res
Revenants코0=Revenants
Rho코0=Rho
Rocs코0=Rocs
Romeo코0=Romeo
Sade코0=Sade
Samekh코0=Samekh
Satyrs코0=Satyrs
Scaries코0=Scaries
Screamers코0=Screamers
Screechers코0=Screechers
Shades코0=Shades
Shadows코0=Shadows
Sharkies코0=Sharkies
Shoggoths코0=Shoggoths
Sierra코0=Sierra
Sigma코0=Sigma
Sin코0=Sin
Sirens코0=Sirens
Snarks코0=Snarks
Sneakies코0=Sneakies
Spacers코0=Spacers
Sphinxes코0=Sphinxes
Spirits코0=Spirits
Spooks코0=Spooks
Sprites코0=Sprites
Stands코0=Stands
Sylphs코0=Sylphs
Tango코0=Tango
Tau코0=Tau
Taw코0=Taw
Tengus코0=Tengus
Teth코0=Teth
Theta코0=Theta
Tooters코0=Tooters
Trappers코0=Trappers
Trolls코0=Trolls
Twinkies코0=Twinkies
Unicorns코0=Unicorns
Uniform코0=Uniform
Upsilon코0=Upsilon
Vampires코0=Vampires
Victor코0=Victor
Viles코0=Viles
Visitants코0=Visitants
Wrkncacnter코0=Wrkncacnter
Wargs코0=Wargs
Waw코0=Waw
Werewolves코0=Werewolves
Whiskey코0=Whiskey
Wights코0=Wights
Wisps코0=Wisps
Witches코0=Witches
Wraiths코0=Wraiths
X-Ray코0=X-Ray
Xi코0=Xi
Yankee코0=Yankee
Yetis코0=Yetis
Yodh코0=Yodh
Zayin코0=Zayin
Zeta코0=Zeta
Zombies코0=Zombies
Zulu코0=Zulu
Abaddons_Demesne코0=Abaddon's Demesne
Abbanis_Nebula코0=Abbanis Nebula
Absajha_Min코0=Absajha Min
Accord코0=Accord
Administration코0=Administration
Adventurers코0=Adventurers
Aliens코0=Aliens
Alliance_of코0=Alliance of
Alliance코0=Alliance
Allied코0=Allied
Alpha_Hydri코0=Alpha Hydri
Ampal_Dir코0=Ampal Dir
Ancients코0=Ancients
Antak_Rham코0=Antak Rham
Anti-War_Coalition코0=Anti-War Coalition
Arbitrators코0=Arbitrators
Archivists코0=Archivists
Arija_Patch코0=Arija Patch
Army코0=Army
Artist_Enclave코0=Artist Enclave
Ascensions_End코0=Ascension's End
Assembly_of코0=Assembly of
Assembly코0=Assembly
Associated코0=Associated
Association코0=Association
Astral_Hunters코0=Astral Hunters
Autocracy코0=Autocracy
Autonomist코0=Autonomist
BTiran코0=BTiran
BX-799_Singularity코0=BX-799 Singularity
Bal_Durk코0=Bal Durk
Bandit_Kingdom코0=Bandit Kingdom
Bandits코0=Bandits
Barbarians코0=Barbarians
Beldrish코0=Beldrish
Belvares_Maelstrom코0=Belvares Maelstrom
Bendraks코0=Bendraks
Beta_Aquilae코0=Beta Aquilae
Beta_Caeli코0=Beta Caeli
Beta_Corvi코0=Beta Corvi
Beta_Hydri코0=Beta Hydri
Bhakkan코0=Bhakkan
Bion_Dazat코0=Bion Dazat
Bir_Zun코0=Bir Zun
Black_Flotilla코0=Black Flotilla
Black_Guild코0=Black Guild
Bleeding_Corsairs코0=Bleeding Corsairs
Blessed코0=Blessed
Bloc코0=Bloc
Blood_Brigade코0=Blood Brigade
Blood_Clan코0=Blood Clan
Blood_Clans코0=Blood Clans
Blood_Companions코0=Blood Companions
Blood_Host코0=Blood Host
Bloody_Cutthroats코0=Bloody Cutthroats
Blorgs_Bane코0=Blorg's Bane
Bodrassan코0=Bodrassan
Bogeys코0=Bogeys
Boltaran코0=Boltaran
Brawl코0=Brawl
Brazen_Band코0=Brazen Band
Brigade코0=Brigade
Brigands코0=Brigands
Broons_Singularity코0=Broon's Singularity
Brotherhood_of_the_Void코0=Brotherhood of the Void
Buccaneers코0=Buccaneers
Burning_Brigands코0=Burning Brigands
Caaganian코0=Caaganian
Cabal_of_the_Captains코0=Cabal of the Captains
Cartel코0=Cartel
Cebellus_Shroud코0=Cebellus Shroud
Celgaari코0=Celgaari
Centralized코0=Centralized
Chi_Draconis코0=Chi Draconis
Chroniclers코0=Chroniclers
Church_of_Light코0=Church of Light
Cibaaran_Maelstrom코0=Cibaaran Maelstrom
Civilization코0=Civilization
Clans코0=Clans
Cleskas코0=Cleskas
Coalition코0=Coalition
Cold_Ones코0=Cold Ones
Collective코0=Collective
Colonies코0=Colonies
Combine코0=Combine
Combined코0=Combined
Commando코0=Commando
Committee코0=Committee
Commonalities코0=Commonalities
Commonality코0=Commonality
Commonwealth코0=Commonwealth
Compact코0=Compact
Con_Viab코0=Con Viab
Concordat코0=Concordat
Confederacy코0=Confederacy
Confederated코0=Confederated
Confederation_of코0=Confederation of
Confederation코0=Confederation
Conflict코0=Conflict
Conglomerate코0=Conglomerate
Congress코0=Congress
Consciousness코0=Consciousness
Consensus코0=Consensus
Conservers코0=Conservers
Consolidated코0=Consolidated
Consortium코0=Consortium
Constituents코0=Constituents
Cooperative코0=Cooperative
Corsairs코0=Corsairs
Council코0=Council
Covenant코0=Covenant
Crimson_Commando코0=Crimson Commando
Crossroads_Nebula코0=Crossroads Nebula
Crusaders코0=Crusaders
Curator_Enclave코0=Curator Enclave
Cursed_Ones코0=Cursed Ones
Cutthroats코0=Cutthroats
D-471_Singularity코0=D-471 Singularity
Dark_Hopes_Nebula코0=Dark Hopes Nebula
Dark_Riders코0=Dark Riders
Daturi_Expanse코0=Daturi Expanse
Death_Brigades코0=Death Brigades
Death_Cabal코0=Death Cabal
Death_Merchants코0=Death Merchants
Death_Pact코0=Death Pact
Debari코0=Debari
Delta_Pavonis코0=Delta Pavonis
Democratic코0=Democratic
Demons_Eye_Nebula코0=Demon's Eye Nebula
Demons_Maw코0=Demon's Maw
Desolators코0=Desolators
Devils_Maw코0=Devil's Maw
Directorate코0=Directorate
Directors코0=Directors
Disak_Hek_Dust_Clouds코0=Disak Hek Dust Clouds
Dispute코0=Dispute
Divine코0=Divine
Docile_Slaves코0=Docile Slaves
Domains코0=Domains
Dominions코0=Dominions
Doom_Pact코0=Doom Pact
Dread_Fiends코0=Dread Fiends
Dread_Suns코0=Dread Suns
Dubious_Abyss코0=Dubious Abyss
Dumgars코0=Dumgars
Edor_Vang코0=Edor Vang
Edrani코0=Edrani
Emancipation_Movement코0=Emancipation Movement
Empire코0=Empire
Enforcers코0=Enforcers
Epsilon_Eridani코0=Epsilon Eridani
Epsilon_Indi코0=Epsilon Indi
Erium_Nebula코0=Erium Nebula
Eskanabian코0=Eskanabian
Etan_Stela코0=Etan Stela
Eternal_Horizon코0=Eternal Horizon
Eurav_Wass코0=Eurav Wass
FHanntiri코0=FHanntiri
Faction코0=Faction
Fallen_Legion코0=Fallen Legion
Fallen_Ones코0=Fallen Ones
Fallen_Stars코0=Fallen Stars
Fanatics코0=Fanatics
Faranis_Black_Hole코0=Faranis Black Hole
Fell_Company코0=Fell Company
Fellowship코0=Fellowship
Feral_Companions코0=Feral Companions
Feral_Grin코0=Feral Grin
Fia_Nita코0=Fia Nita
Fiends코0=Fiends
Fight코0=Fight
Fighters코0=Fighters
Final_Crucible코0=Final Crucible
Fir_Mathrioz코0=Fir Mathrioz
Fire_Reavers코0=Fire Reavers
Firin_Malba코0=Firin Malba
First코0=First
Fist_of_God코0=Fist of God
Fleet_of_the_Damned코0=Fleet of the Damned
Forbidden_Nebula코0=Forbidden Nebula
Forerunners코0=Forerunners
Fortune_Seekers코0=Fortune Seekers
Foundation코0=Foundation
Free_Admiralty코0=Free Admiralty
Free_Navy코0=Free Navy
Free코0=Free
Freebooters코0=Freebooters
Freedom코0=Freedom
Front코0=Front
Furious_Freebooters코0=Furious Freebooters
Galactic코0=Galactic
Galannas코0=Galannas
Gamma_Draconis코0=Gamma Draconis
Gamus_Veil코0=Gamus Veil
Gaping_Maw코0=Gaping Maw
Gathri_Maelstrom코0=Gathri Maelstrom
Geltan코0=Geltan
Geltauri_Black_Hole코0=Geltauri Black Hole
Ghost_Flotilla코0=Ghost Flotilla
Gindor_Black_Hole코0=Gindor Black Hole
Gorranic코0=Gorranic
Grand_Duchy코0=Grand Duchy
Grasping_Claw_Nebula코0=Grasping Claw Nebula
Great코0=Great
Grey_Company코0=Grey Company
Grey_Disciples코0=Grey Disciples
Grim_Souls코0=Grim Souls
Grockas코0=Grockas
Guard코0=Guard
Guardians코0=Guardians
Hadlocs코0=Hadlocs
Harriban_Nebula코0=Harriban Nebula
Heavens_Gate코0=Heaven's Gate
Hegemony코0=Hegemony
Hells_Maw코0=Hell's Maw
Hevessian코0=Hevessian
Hierarchy코0=Hierarchy
Hirantes_Dust_Clouds코0=Hirantes Dust Clouds
Hive코0=Hive
Holdings코0=Holdings
Holy코0=Holy
Homelanders코0=Homelanders
Honnam_Ter코0=Honnam Ter
Howling_Vortex코0=Howling Vortex
Hunters코0=Hunters
Huur_Black_Hole코0=Huur Black Hole
Hyggian코0=Hyggian
Ibannic_Veil코0=Ibannic Veil
Iltarish코0=Iltarish
Immortal_Cabal코0=Immortal Cabal
Impal_Tov코0=Impal Tov
Imperial코0=Imperial
Imperium코0=Imperium
Independence코0=Independence
Independent코0=Independent
Insurgents코0=Insurgents
Interplanetary코0=Interplanetary
Interstellar코0=Interstellar
Iron_Talons코0=Iron Talons
Isskars코0=Isskars
Jebbens_Maelstrom코0=Jebben's Maelstrom
Jeldari코0=Jeldari
Jimorban_Dust_Clouds코0=Jimorban Dust Clouds
Jopplas코0=Jopplas
Jor_Mon_Dir코0=Jor Mon Dir
Josq_Fomat코0=Josq Fomat
Jydhaalan코0=Jydhaalan
Kanthares_Miasma코0=Kanthares Miasma
Kelvan_Maelstrom코0=Kelvan Maelstrom
Kenn_Hijal코0=Kenn Hijal
Kiiran_Dust_Clouds코0=Kiiran Dust Clouds
Kingdom코0=Kingdom
LR-9_Singularity코0=LR-9 Singularity
Lambda_Serpentis코0=Lambda Serpentis
League_of코0=League of
League코0=League
Ler_Zumon코0=Ler Zumon
Liberation코0=Liberation
Liberty코0=Liberty
Lights_End코0=Light's End
Lithyrian_Vortex코0=Lithyrian Vortex
Looters코0=Looters
Lord_Xuhmalzs코0=Lord Xuhmalzs
Lost_Fleet코0=Lost Fleet
Lowlifes코0=Lowlifes
Loyalist_Bloc코0=Loyalist Bloc
Loyalist_Fringe코0=Loyalist Fringe
Loyalist_Insiders코0=Loyalist Insiders
Loyalist_Lobby코0=Loyalist Lobby
Loyalist_Moderates코0=Loyalist Moderates
Loyalists코0=Loyalists
Luusaj_Black_Hole코0=Luusaj Black Hole
Lyrannic코0=Lyrannic
Machine_Consciousness코0=Machine Consciousness
Majaaran코0=Majaaran
Makrabi코0=Makrabi
Mandate코0=Mandate
Marauders코0=Marauders
Med_Karash코0=Med Karash
Mediators코0=Mediators
Menace코0=Menace
Merry_Marauders코0=Merry Marauders
Miiran코0=Miiran
Miklors_Vortex코0=Miklor's Vortex
Militia코0=Militia
Minaatan코0=Minaatan
Modrickan코0=Modrickan
Movement코0=Movement
Mutineers코0=Mutineers
Najaggus_Veil코0=Najaggus Veil
Nation코0=Nation
Nationalist코0=Nationalist
Nations코0=Nations
Night_Terrors코0=Night Terrors
Nijargas코0=Nijargas
Nivogi_Black_Hole코0=Nivogi Black Hole
Nomadic_Tribes코0=Nomadic Tribes
Nomads코0=Nomads
Nythran_Expanse코0=Nythran Expanse
Omicron_Persei코0=Omicron Persei
Oracles_Grave_Nebula코0=Oracle's Grave Nebula
Orantes_Shroud코0=Orantes Shroud
Order코0=Order
Organization코0=Organization
Orkam_Fung코0=Orkam Fung
Oskian코0=Oskian
Outcast_Armada코0=Outcast Armada
Outcasts코0=Outcasts
Outlaws코0=Outlaws
Outriders코0=Outriders
P94-L_Singularity코0=P94-L Singularity
Pact코0=Pact
Partisans코0=Partisans
Party코0=Party
Pathabaan_Vortex코0=Pathabaan Vortex
Peace_Movement코0=Peace Movement
Peacekeepers코0=Peacekeepers
Penitent_Ones코0=Penitent Ones
Penndirian코0=Penndirian
Peoples_Navy코0=People's Navy
Phantom_Armada코0=Phantom Armada
Picaress_Drift코0=Picaress Drift
Pirate_Clans코0=Pirate Clans
Pirates코0=Pirates
Planet-States코0=Planet-States
Planets코0=Planets
Pogros코0=Pogros
Polity코0=Polity
Pollban_Kir코0=Pollban Kir
Popular코0=Popular
Pralaxs코0=Pralaxs
Principality코0=Principality
Privateers코0=Privateers
Profiteers코0=Profiteers
Progenitors코0=Progenitors
Protectors코0=Protectors
Provinces코0=Provinces
Purge_Protesters코0=Purge Protesters
Qad_Vhi코0=Qad Vhi
Qarabi코0=Qarabi
Qeb_Daraan코0=Qeb Daraan
Quiet_Dark코0=Quiet Dark
Qunntharan코0=Qunntharan
Raiders코0=Raiders
Ravagers코0=Ravagers
Realms코0=Realms
Reavers코0=Reavers
Rebels코0=Rebels
Rebenthi_Dust_Clouds코0=Rebenthi Dust Clouds
Reclaimers코0=Reclaimers
Reconquerors코0=Reconquerors
Red_Captaincy코0=Red Captaincy
Red_Corsairs코0=Red Corsairs
Red_Prophets코0=Red Prophets
Regime코0=Regime
Regions코0=Regions
Regulators코0=Regulators
Remnant코0=Remnant
Repatriarchs코0=Repatriarchs
Republic코0=Republic
Republican코0=Republican
Resistance코0=Resistance
Restorers코0=Restorers
Ribellan_Vortex코0=Ribellan Vortex
Rint_Beekun코0=Rint Beekun
Rixikars_Maw코0=Rixikar's Maw
Royal코0=Royal
Rutharic코0=Rutharic
Ryl_Somot코0=Ryl Somot
Rythian코0=Rythian
Savages코0=Savages
Scavengers코0=Scavengers
Screaming_Demons코0=Screaming Demons
Screaming_Marauders코0=Screaming Marauders
Screeching_Abyss코0=Screeching Abyss
Secessionist코0=Secessionist
Sejanis_Expanse코0=Sejanis Expanse
Self-Determinist코0=Self-Determinist
Separatist코0=Separatist
Serene코0=Serene
Shadow_Fleet코0=Shadow Fleet
Shadow_Nebula코0=Shadow Nebula
Shard코0=Shard
Shiigur_Nebula코0=Shiigur Nebula
Shining_Pearl_Nebula코0=Shining Pearl Nebula
Shipjackers코0=Shipjackers
Sigma_Draconis코0=Sigma Draconis
Sil_Vakrish코0=Sil Vakrish
Silver_Fangs코0=Silver Fangs
Sithonis_Maelstrom코0=Sithonis Maelstrom
Skull_Clan코0=Skull Clan
Skull_Clans코0=Skull Clans
Skullcrushers코0=Skullcrushers
Slavers코0=Slavers
Smiling_Disciples코0=Smiling Disciples
Smugglers코0=Smugglers
Sogaran코0=Sogaran
Sons_of_Wrath코0=Sons of Wrath
Sons_of_the_Night코0=Sons of the Night
Sovereign코0=Sovereign
Sovereignty코0=Sovereignty
Space_Pirates코0=Space Pirates
Spooks코0=Spooks
Srikkan코0=Srikkan
Star_Clans코0=Star Clans
Star_Raiders코0=Star Raiders
Star_Reapers코0=Star Reapers
Star_Wretches코0=Star Wretches
Star코0=Star
Stars코0=Stars
State코0=State
States코0=States
Steel_Claws코0=Steel Claws
Stellar_Marauders코0=Stellar Marauders
Stellar코0=Stellar
Storm_Lords코0=Storm Lords
Suns코0=Suns
Surellian코0=Surellian
Suskats_Maw코0=Suskat's Maw
Suuldic코0=Suuldic
Syndicate코0=Syndicate
Systems코0=Systems
TKani코0=TKani
TLazims코0=TLazims
Taldurakkan코0=Taldurakkan
Tar_Valemm코0=Tar Valemm
Tau_Ceti코0=Tau Ceti
Tau_Cygni코0=Tau Cygni
Technocracy코0=Technocracy
Tel-Karanian코0=Tel-Karanian
Temestra_Badlands코0=Temestra Badlands
Temple_of_Unity코0=Temple of Unity
Ter_Meku_Black_Hole코0=Ter Meku Black Hole
Terbanic코0=Terbanic
Territories코0=Territories
Terrors코0=Terrors
Theocracy코0=Theocracy
Throne_of_God코0=Throne of God
TirMulian코0=TirMulian
Tormentors코0=Tormentors
Trader_Enclave코0=Trader Enclave
Tram_Bodon코0=Tram Bodon
Trax_Ofko코0=Trax Ofko
Traxis_Badlands코0=Traxis Badlands
Treasure_Hunters코0=Treasure Hunters
Tribes코0=Tribes
True_Path코0=True Path
Tunari_Vortex코0=Tunari Vortex
Twin_Fangs_Nebula코0=Twin Fangs Nebula
Tyjanock_Expanse코0=Tyjanock Expanse
Ultaaran_Miasma코0=Ultaaran Miasma
Unar_Patch코0=Unar Patch
Underground코0=Underground
Unified코0=Unified
Union_of코0=Union of
Union코0=Union
United코0=United
Urakhannons_Maw코0=Urakhannon's Maw
Uran_Tokh코0=Uran Tokh
Uskandi코0=Uskandi
Uzhab_Vortex코0=Uzhab Vortex
VaelZulush_Nebula코0=Vael'Zulush Nebula
Vagabonds코0=Vagabonds
Vanguard코0=Vanguard
Veldrish코0=Veldrish
Veltari코0=Veltari
Vengeful_Legion코0=Vengeful Legion
Verrakas_Black_Hole코0=Verrakas Black Hole
Vestige코0=Vestige
VhaZi_Maelstrom코0=Vha'Zi Maelstrom
Vigraxs코0=Vigraxs
VishNaharian코0=VishNaharian
Viskarrons_Maw코0=Viskarron's Maw
Void_Hunters코0=Void Hunters
Void_Pact코0=Void Pact
Void_Roamers코0=Void Roamers
Void_Sea_Nebula코0=Void Sea Nebula
Void_Serpents코0=Void Serpents
Volunteer_Force코0=Volunteer Force
War_Host코0=War Host
War코0=War
Warband코0=Warband
Warriors코0=Warriors
Watchers코0=Watchers
Weeping_Ghost_Nebula코0=Weeping Ghost Nebula
Whispering_Garden_Nebula코0=Whispering Garden Nebula
White_Reavers코0=White Reavers
Wild_Riders코0=Wild Riders
Wildlings코0=Wildlings
Wimar_Drift코0=Wimar Drift
Wir_Thosk코0=Wir Thosk
Worlds코0=Worlds
Wum_Jiam코0=Wum Jiam
X-941_Singularity코0=X-941 Singularity
XT-81_Singularity코0=XT-81 Singularity
Xel_Madak코0=Xel Madak
Xeldorian코0=Xeldorian
Xenos_United코0=Xenos United
Xhalgaaran코0=Xhalgaaran
Xu_Nur코0=Xu Nur
Xulbaks_Maw코0=Xulbak's Maw
Xuukanis_Black_Hole코0=Xuukanis Black Hole
Yameks_Singularity코0=Yamek's Singularity
Yel_Barrasta코0=Yel Barrasta
Yinarim_Nebula코0=Yinarim Nebula
Ymari코0=Ymari
Yodd_Bem코0=Yodd Bem
Yonnoks_Maw코0=Yonnok's Maw
Yothmore_Shroud코0=Yothmore Shroud
Zadanis_Nebula코0=Zadanis Nebula
Zantaris_Black_Hole코0=Zantaris Black Hole
Zealots코0=Zealots
Zelgors코0=Zelgors
Zeta_Reticuli코0=Zeta Reticuli
Zhakira_Patch코0=Zhakira Patch
Zi_Pok_Vortex코0=Zi Pok Vortex
Zorikkan_Black_Hole코0=Zorikkan Black Hole
Zulei_Cro코0=Zulei Cro
Zulmarakhan코0=Zulmarakhan
Zultars_Maw코0=Zultar's Maw
001B코0=001B
9코0=9
12코0=12
38코0=38
44코0=44
76코0=76
09-L코0=09-L
909코0=909
935코0=935
94코0=94
1000코0=1000
109-D코0=109-D
111코0=111
112코0=112
1138코0=1138
11B1코0=11B1
13-S-코0=13-S-
133-D-코0=133-D-
1337-코0=1337-
138코0=138
14-S-코0=14-S-
140코0=140
18-코0=18-
1ES-코0=1ES-
2079코0=2079
21-dec코0=21-dec
233-D_코0=233-D 
234코0=234
234-코0=234-
2340코0=2340
2646코0=2646
32-PX-코0=32-PX-
3254코0=3254
328코0=328
333P-코0=333P-
34-T1코0=34-T1
3427코0=3427
3452코0=3452
35-D코0=35-D
354-F코0=354-F
3547코0=3547
36367코0=36367
37코0=37
377D-코0=377D-
39-코0=39-
394코0=394
397코0=397
399코0=399
3PO코0=3PO
4-코0=4-
41-CV-코0=41-CV-
411코0=411
413코0=413
425-코0=425-
426코0=426
438코0=438
44-D1코0=44-D1
47-코0=47-
49-F-코0=49-F-
5498코0=5498
619코0=619
63코0=63
63089코0=63089
6467-코0=6467-
6498코0=6498
66코0=66
6759코0=6759
677코0=677
7코0=7
728코0=728
742코0=742
757코0=757
758코0=758
jan-76코0=jan-76
78코0=78
784코0=784
800코0=800
811코0=811
83코0=83
845코0=845
aug-85코0=aug-85
863코0=863
866코0=866
872코0=872
88코0=88
88D2-코0=88D2-
893코0=893
8FV-코0=8FV-
9000코0=9000
906코0=906
915코0=915
91F-코0=91F-
937코0=937
94코0=94
947코0=947
951코0=951
956코0=956
97코0=97
981코0=981
984코0=984
99코0=99
9965-코0=9965-
A-코0=A-
A1-코0=A1-
AA-23-코0=AA-23-
AT코0=AT
AT-코0=AT-
AZ-11-코0=AZ-11-
Abdrade코0=Abdrade
Ablapus코0=Ablapus
Acamar코0=Acamar
Acculum코0=Acculum
Achernar코0=Achernar
Ackmall코0=Ackmall
Ackolam코0=Ackolam
Aclinda코0=Aclinda
Acramalo코0=Acramalo
Acrux코0=Acrux
Acubens코0=Acubens
Adar코0=Adar
Adranell코0=Adranell
Adumir코0=Adumir
Advatir코0=Advatir
Aesir코0=Aesir
Afcheshan코0=Afcheshan
Afrmyke코0=Afrmyke
Aglcilles코0=Aglcilles
Aiastars코0=Aiastars
Aiplade코0=Aiplade
Ajam코0=Ajam
Ajandis코0=Ajandis
Alamak코0=Alamak
Alcor코0=Alcor
Aldebaran코0=Aldebaran
Aldib코0=Aldib
Algol코0=Algol
Algorab코0=Algorab
Alioth코0=Alioth
Alkaid코0=Alkaid
Almach코0=Almach
Alphard코0=Alphard
Alphecca코0=Alphecca
Altair코0=Altair
Aludra코0=Aludra
Alvyrra코0=Alvyrra
Amastes코0=Amastes
Ambisia코0=Ambisia
Ambor코0=Ambor
Amgathorra코0=Amgathorra
Amlitzer코0=Amlitzer
Anachonus코0=Anachonus
Anaxador코0=Anaxador
Andack코0=Andack
Angetenar코0=Angetenar
Antares코0=Antares
Aphris코0=Aphris
Appon코0=Appon
ArDoqd코0=Ar'Doqd
Arayya코0=Arayya
Arbatraeus코0=Arbatraeus
Arcturus코0=Arcturus
Arich코0=Arich
Arrakis코0=Arrakis
Ascella코0=Ascella
Ashimax코0=Ashimax
Ashyke코0=Ashyke
Ashypso코0=Ashypso
Aslund코0=Aslund
Asmore코0=Asmore
Assaniz코0=Assaniz
Astarte코0=Astarte
Asterion코0=Asterion
Asterope코0=Asterope
Astinda코0=Astinda
Astore코0=Astore
Astrkion코0=Astrkion
Aswiri코0=Aswiri
Aswmade코0=Aswmade
Atausnyria코0=Atausnyria
Athuna코0=Athuna
Athyorix코0=Athyorix
Athyr코0=Athyr
Atlabba코0=Atlabba
Atlas코0=Atlas
Atmir코0=Atmir
Avaconea코0=Avaconea
Avalam코0=Avalam
Avim코0=Avim
Avior코0=Avior
Ayfriri코0=Ayfriri
Azaleh코0=Azaleh
Azax코0=Azax
Azha코0=Azha
B12-코0=B12-
B134-코0=B134-
BK5-코0=BK5-
BR-F코0=BR-F
BS12코0=BS12
BT-코0=BT-
Badukan코0=Badukan
Baeeruta코0=Baeeruta
Baggol코0=Baggol
Baham코0=Baham
Baidaan코0=Baidaan
Bajiol코0=Bajiol
Balawar코0=Balawar
Baltris코0=Baltris
Banagho코0=Banagho
Banthary코0=Banthary
Banthelgaum코0=Banthelgaum
Bapagia코0=Bapagia
Baranik코0=Baranik
Barban코0=Barban
Bardegan코0=Bardegan
Bartyam코0=Bartyam
Bashpat코0=Bashpat
Bastamore코0=Bastamore
Batraq코0=Batraq
Bax코0=Bax
Baxom코0=Baxom
Bazkarat코0=Bazkarat
Bazzanac코0=Bazzanac
Beid코0=Beid
Belgium코0=Belgium
Bellatrix코0=Bellatrix
Bellezir코0=Bellezir
Benetnasch코0=Benetnasch
Bera코0=Bera
Beskell코0=Beskell
Betelgeuse코0=Betelgeuse
Betria코0=Betria
Beynus코0=Beynus
Beyu코0=Beyu
Beznar코0=Beznar
Bidtox코0=Bidtox
Biham코0=Biham
Bihiram코0=Bihiram
Bihjall코0=Bihjall
Bijh코0=Bijh
Bikhul코0=Bikhul
Biltron코0=Biltron
Binami코0=Binami
Bindur코0=Bindur
Bintu코0=Bintu
Bir코0=Bir
Birana코0=Birana
Bistramar코0=Bistramar
Bitrius코0=Bitrius
Bivham코0=Bivham
Boeawei코0=Boeawei
Boggor코0=Boggor
Boibos코0=Boibos
Bokrimar코0=Bokrimar
Boldoon코0=Boldoon
Bolthor코0=Bolthor
Bonos코0=Bonos
Borbagon코0=Borbagon
Borce코0=Borce
Borrbo코0=Borrbo
Botein코0=Botein
Bovatir코0=Bovatir
Brachium코0=Brachium
Braddam코0=Braddam
Brakma코0=Brakma
Brallix코0=Brallix
Breek코0=Breek
Bregglar코0=Bregglar
Brigaffa코0=Brigaffa
Brillisir코0=Brillisir
Briscoll코0=Briscoll
Brius코0=Brius
Brockan코0=Brockan
Brustam코0=Brustam
Brynnis코0=Brynnis
Bunda코0=Bunda
Burtios코0=Burtios
Busim코0=Busim
Bysh코0=Bysh
Bythia코0=Bythia
C-코0=C-
CCC4-코0=CCC4-
CP-01코0=CP-01
Cador코0=Cador
Caehines코0=Caehines
Cajubus코0=Cajubus
Calam코0=Calam
Camglaria코0=Camglaria
Camthrin코0=Camthrin
Canopus코0=Canopus
Capella코0=Capella
Caph코0=Caph
Caranis코0=Caranis
Cardorth코0=Cardorth
Carovon코0=Carovon
Carynno코0=Carynno
Caspadene코0=Caspadene
Castor코0=Castor
Caugantu코0=Caugantu
Cavzek코0=Cavzek
Cazzabius코0=Cazzabius
Cebelrai코0=Cebelrai
Celaeno코0=Celaeno
Cemesta코0=Cemesta
Ceul코0=Ceul
Ceyecarro코0=Ceyecarro
Ceyxuemia코0=Ceyxuemia
Cezuetov코0=Cezuetov
Chara코0=Chara
Charna코0=Charna
Chatiib코0=Chatiib
Cheleb코0=Cheleb
Chergamore코0=Chergamore
Chertan코0=Chertan
Chetrus코0=Chetrus
Chibblar코0=Chibblar
Chiiban코0=Chiiban
Chiminol코0=Chiminol
Chisellion코0=Chisellion
Chohar코0=Chohar
Chort코0=Chort
Chox코0=Chox
Churassix코0=Churassix
Ciaciothea코0=Ciaciothea
Cidar코0=Cidar
Cieneagawa코0=Cieneagawa
Cipollan코0=Cipollan
Cipux코0=Cipux
Cirban코0=Cirban
Ciue코0=Ciue
Cizar코0=Cizar
Cknoor코0=Cknoor
Clarus코0=Clarus
Codria코0=Codria
Coggan코0=Coggan
Collodor코0=Collodor
Condarra코0=Condarra
Conthim코0=Conthim
Cordip코0=Cordip
Cormaggas코0=Cormaggas
Cormaggion코0=Cormaggion
Cossmallion코0=Cossmallion
Cothium코0=Cothium
Courus코0=Courus
Covall코0=Covall
Cowhig코0=Cowhig
Craxima코0=Craxima
Crescim코0=Crescim
Crimdor코0=Crimdor
Culdax코0=Culdax
Cuorilia코0=Cuorilia
Cursa코0=Cursa
Cuunbar코0=Cuunbar
Cuuturn코0=Cuuturn
Cyban코0=Cyban
D-9-코0=D-9-
D2코0=D2
DSS-코0=DSS-
DTLF-코0=DTLF-
DX-1코0=DX-1
Daarasta코0=Daarasta
Dabih코0=Dabih
Dalphene코0=Dalphene
Damia코0=Damia
Damiun코0=Damiun
Dandar코0=Dandar
Dangal코0=Dangal
Daranma코0=Daranma
Darep코0=Darep
Dargan코0=Dargan
Dastamon코0=Dastamon
Dathaana코0=Dathaana
Davassa코0=Davassa
Dawcan코0=Dawcan
Dearum코0=Dearum
Debbux코0=Debbux
Degantu코0=Degantu
Deomia코0=Deomia
Derellis코0=Derellis
Deres코0=Deres
Despad코0=Despad
Deteenal코0=Deteenal
Detheris코0=Detheris
Diadem코0=Diadem
Diam코0=Diam
Dimis코0=Dimis
Dimm코0=Dimm
Diphda코0=Diphda
Dirban코0=Dirban
Dirmius코0=Dirmius
Discida코0=Discida
Distull코0=Distull
Dithaphoru코0=Dithaphoru
Ditrim코0=Ditrim
Diub코0=Diub
Dodonnam코0=Dodonnam
Dojack코0=Dojack
Dongar코0=Dongar
Dontaur코0=Dontaur
Dorellion코0=Dorellion
Dorfil코0=Dorfil
Doria코0=Doria
Dossel코0=Dossel
Dothon코0=Dothon
Dradim코0=Dradim
Dram코0=Dram
Dressel코0=Dressel
Drisk코0=Drisk
Duhr코0=Duhr
Dultauri코0=Dultauri
Durabbius코0=Durabbius
Duracchus코0=Duracchus
Durascadon코0=Durascadon
Durbatur코0=Durbatur
Durth코0=Durth
Duwix코0=Duwix
Dwithim코0=Dwithim
Dwumgar코0=Dwumgar
E-9-R코0=E-9-R
E49-코0=E49-
EUD-코0=EUD-
Eadominar코0=Eadominar
Eam코0=Eam
Ebbanaur코0=Ebbanaur
Ebbarmacchus코0=Ebbarmacchus
Ebliuq코0=Ebliuq
Ebrxinda코0=Ebrxinda
Ebucrosie코0=Ebucrosie
Echtichi코0=Echtichi
Ecio코0=Ecio
Ecynth코0=Ecynth
Edasich코0=Edasich
Edellimar코0=Edellimar
Edemar코0=Edemar
Efoll코0=Efoll
Efrov코0=Efrov
Eglomia코0=Eglomia
Eglore코0=Eglore
Eglrarvis코0=Eglrarvis
Egouwhyke코0=Egouwhyke
Egrore코0=Egrore
Ehsmyke코0=Ehsmyke
Eibriri코0=Eibriri
Eieospone코0=Eieospone
Eioafrarvis코0=Eioafrarvis
Eiol코0=Eiol
Eissam코0=Eissam
Ejok코0=Ejok
Ekoecromia코0=Ekoecromia
Elderak코0=Elderak
Electra코0=Electra
Eliathion코0=Eliathion
Ellamir코0=Ellamir
Ellor코0=Ellor
Elnath코0=Elnath
Eltheen코0=Eltheen
Elthior코0=Elthior
Elthir코0=Elthir
Endirlang코0=Endirlang
Enif코0=Enif
Enim코0=Enim
Enkef코0=Enkef
Ennust코0=Ennust
Ensmars코0=Ensmars
Enuis코0=Enuis
Eptraban코0=Eptraban
Erasmadon코0=Erasmadon
Erdosca코0=Erdosca
Ereness코0=Ereness
Eriga코0=Eriga
Erimadon코0=Erimadon
Eroabroria코0=Eroabroria
Errai코0=Errai
Escant코0=Escant
Escolla코0=Escolla
Escont코0=Escont
Eshiuq코0=Eshiuq
Eskellion코0=Eskellion
Esmyke코0=Esmyke
Esteraeus코0=Esteraeus
Estreon코0=Estreon
Eswiuq코0=Eswiuq
Ethiuq코0=Ethiuq
Etrvippe코0=Etrvippe
Etsceron코0=Etsceron
Eugizim코0=Eugizim
Evaggimar코0=Evaggimar
Evarym코0=Evarym
Evexus코0=Evexus
Evfrippe코0=Evfrippe
Exslillon코0=Exslillon
Eychilia코0=Eychilia
Ezak코0=Ezak
F-29-코0=F-29-
FL-코0=FL-
Faenov코0=Faenov
Faghihinejad코0=Faghihinejad
Falmir코0=Falmir
Faltus코0=Faltus
Fangcor코0=Fangcor
Fangnaur코0=Fangnaur
Fatis코0=Fatis
Fauetera코0=Fauetera
Fedeema코0=Fedeema
Feggor코0=Feggor
Fejantris코0=Fejantris
Feldazir코0=Feldazir
Feonus코0=Feonus
Ferathon코0=Ferathon
Ferragon코0=Ferragon
Fevallion코0=Fevallion
Fidhilam코0=Fidhilam
Figizar코0=Figizar
Fihir코0=Fihir
Fijjon코0=Fijjon
Fillamir코0=Fillamir
Firam코0=Firam
Flunph코0=Flunph
Foldora코0=Foldora
Folingar코0=Folingar
Fomalhaut코0=Fomalhaut
Fouahiri코0=Fouahiri
Fuaewei코0=Fuaewei
Fuelia코0=Fuelia
Fujeau코0=Fujeau
Fulaz코0=Fulaz
Fulbadan코0=Fulbadan
Fuou코0=Fuou
Furud코0=Furud
Fuye코0=Fuye
GF53-코0=GF53-
GR-코0=GR-
GR-784코0=GR-784
Gaaria코0=Gaaria
Gaee코0=Gaee
Gallamun코0=Gallamun
Galpan코0=Galpan
Galurum코0=Galurum
Gardener코0=Gardener
Gatana코0=Gatana
Gathrica코0=Gathrica
Gatria코0=Gatria
Gauzor코0=Gauzor
Geagawa코0=Geagawa
Gedexus코0=Gedexus
Gemma코0=Gemma
Geqieturn코0=Geqieturn
Geronth코0=Geronth
Geulea코0=Geulea
Gianfar코0=Gianfar
Gidzerak코0=Gidzerak
Giedi코0=Giedi
Gilprim코0=Gilprim
Ginam코0=Ginam
Gindix코0=Gindix
Ginigan코0=Ginigan
Ginnog코0=Ginnog
Girtab코0=Girtab
Glyderrum코0=Glyderrum
Goffia코0=Goffia
Gol코0=Gol
Golba코0=Golba
Gomeisa코0=Gomeisa
Gorim코0=Gorim
Gossok코0=Gossok
Gothra코0=Gothra
Gottara코0=Gottara
Gozam코0=Gozam
Grekil코0=Grekil
Gribbon코0=Gribbon
Grokkan코0=Grokkan
Gromen코0=Gromen
Grugmora코0=Grugmora
Grumium코0=Grumium
Grunthirst코0=Grunthirst
Guhur코0=Guhur
Guram코0=Guram
Guwartan코0=Guwartan
H-77-코0=H-77-
H4-코0=H4-
H45코0=H45
HAL-코0=HAL-
HL-코0=HL-
Habraq코0=Habraq
Hadar코0=Hadar
Haddnoc코0=Haddnoc
Hadriccus코0=Hadriccus
Haduphis코0=Haduphis
Haedus코0=Haedus
Hagawa코0=Hagawa
Halax코0=Halax
Haldus코0=Haldus
Hamkad코0=Hamkad
Hanneri코0=Hanneri
Hantaron코0=Hantaron
Haramuth코0=Haramuth
Haribas코0=Haribas
Hark코0=Hark
Hasseleh코0=Hasseleh
Havonchir코0=Havonchir
Hazra코0=Hazra
Heka코0=Heka
Helam코0=Helam
Hemtares코0=Hemtares
Hensedon코0=Hensedon
Hesstamur코0=Hesstamur
Heze코0=Heze
Hhabban코0=Hhabban
Hiamit코0=Hiamit
Hiann코0=Hiann
Higashik-Ata코0=Higashik-Ata
Higma코0=Higma
Hijeroscant코0=Hijeroscant
Hiklam코0=Hiklam
Himpra코0=Himpra
Hirim코0=Hirim
Hischmal코0=Hischmal
Hithara코0=Hithara
Hithram코0=Hithram
Hittimar코0=Hittimar
Hixam코0=Hixam
Hixar코0=Hixar
Hixaros코0=Hixaros
Hizar코0=Hizar
Hizzel코0=Hizzel
Hocry코0=Hocry
Hodranus코0=Hodranus
Hoeddim코0=Hoeddim
Hoedus코0=Hoedus
Hojjam코0=Hojjam
Hokaja코0=Hokaja
Holdebaana코0=Holdebaana
Holden코0=Holden
Homam코0=Homam
Horschim코0=Horschim
Hoshfir코0=Hoshfir
Hotram코0=Hotram
Howoz코0=Howoz
Hozint코0=Hozint
Huntur코0=Huntur
Huph코0=Huph
Hyadum코0=Hyadum
Hydrobius코0=Hydrobius
Hykkan코0=Hykkan
Hyrma코0=Hyrma
Hyshma코0=Hyshma
Hythara코0=Hythara
I11-코0=I11-
IL-코0=IL-
Ibacca코0=Ibacca
Ibleen코0=Ibleen
Ibloranda코0=Ibloranda
Iblyria코0=Iblyria
Icheon코0=Icheon
Iflagua코0=Iflagua
Iflillon코0=Iflillon
Iflore코0=Iflore
Iieystara코0=Iieystara
Ijaagin코0=Ijaagin
Ijax코0=Ijax
Illex코0=Illex
Illustratum코0=Illustratum
Imdar코0=Imdar
Impan코0=Impan
Imulgaron코0=Imulgaron
Inegore코0=Inegore
Intham코0=Intham
Inthor코0=Inthor
Iolam코0=Iolam
Ionides코0=Ionides
Ipiescilia코0=Ipiescilia
Iprgara코0=Iprgara
Iram코0=Iram
Iriamus코0=Iriamus
Iriani코0=Iriani
Irim코0=Irim
Irriamun코0=Irriamun
Irthius코0=Irthius
Iruistilia코0=Iruistilia
Ishnor코0=Ishnor
Ishtrum코0=Ishtrum
Isius코0=Isius
Ispyria코0=Ispyria
Istora코0=Istora
Iswyria코0=Iswyria
Itraben코0=Itraben
Izar코0=Izar
Izta코0=Izta
Izval코0=Izval
J00-코0=J00-
J3L1-코0=J3L1-
J88코0=J88
JQQ-1-코0=JQQ-1-
JX4-코0=JX4-
Jabbah코0=Jabbah
Jabeth코0=Jabeth
Jaltham코0=Jaltham
Janna코0=Janna
Japhon코0=Japhon
Japris코0=Japris
Jarad코0=Jarad
Jardlaphon코0=Jardlaphon
Jasmak코0=Jasmak
Jataramus코0=Jataramus
Jhapp코0=Jhapp
Jhurope코0=Jhurope
Jih코0=Jih
Jillis코0=Jillis
Jinkath코0=Jinkath
Jinnium코0=Jinnium
Joinum코0=Joinum
Jolderuun코0=Jolderuun
Jompron코0=Jompron
Jondus코0=Jondus
Jughum코0=Jughum
Jugrad코0=Jugrad
Julau코0=Julau
Jumla코0=Jumla
Jundius코0=Jundius
Jurnast코0=Jurnast
Kahalajom코0=Kahalajom
Kahkonen코0=Kahkonen
Kajam코0=Kajam
Kamia코0=Kamia
Kanadrius코0=Kanadrius
Kandauri코0=Kandauri
Kannam코0=Kannam
Karathor코0=Karathor
Karazit코0=Karazit
Karos코0=Karos
Kastaba코0=Kastaba
Kastra코0=Kastra
Kathea코0=Kathea
Kauboros코0=Kauboros
Kauri코0=Kauri
Kazon코0=Kazon
Kazoo코0=Kazoo
Kehines코0=Kehines
Keid코0=Keid
Kelsim코0=Kelsim
Kentharom코0=Kentharom
Kerensa코0=Kerensa
Kergaros코0=Kergaros
Khagaton코0=Khagaton
Khamb코0=Khamb
Kharasta코0=Kharasta
Khiram코0=Khiram
Khor코0=Khor
Kibbin코0=Kibbin
Kildatha코0=Kildatha
Kimithar코0=Kimithar
Kiram코0=Kiram
Kleeia코0=Kleeia
Kochab코0=Kochab
Kodracca코0=Kodracca
Kongath코0=Kongath
Korach코0=Korach
Korgas코0=Korgas
Koria코0=Koria
Kornaggi코0=Kornaggi
Kornephoros코0=Kornephoros
Kosk코0=Kosk
Koter코0=Koter
Krakaum코0=Krakaum
Krant코0=Krant
Krash코0=Krash
Kraz코0=Kraz
Ksora코0=Ksora
Kuma코0=Kuma
Kunides코0=Kunides
Kuzom코0=Kuzom
LJ-G-코0=LJ-G-
LK12-코0=LK12-
LM-_코0=LM- 
LR-9-코0=LR-9-
LV-코0=LV-
Lachium코0=Lachium
Ladellikon코0=Ladellikon
Ladiom코0=Ladiom
Landeen코0=Landeen
Landiz코0=Landiz
Lando코0=Lando
Larbo코0=Larbo
Lastus코0=Lastus
Lathoros코0=Lathoros
Lavascio코0=Lavascio
Lawam코0=Lawam
Lazon코0=Lazon
Leesak코0=Leesak
Lehmsa코0=Lehmsa
Lesath코0=Lesath
Lessim코0=Lessim
Lessiria코0=Lessiria
Lijiz코0=Lijiz
Linngol코0=Linngol
Liram코0=Liram
Lishval코0=Lishval
Loggam코0=Loggam
Loisar코0=Loisar
Lombidus코0=Lombidus
Lothandra코0=Lothandra
Lurus코0=Lurus
Lyctabon코0=Lyctabon
Lyfhir코0=Lyfhir
Lyrum코0=Lyrum
Lythorius코0=Lythorius
Lytirin코0=Lytirin
M11코0=M11
M4-코0=M4-
Maasym코0=Maasym
Magam코0=Magam
Maghama코0=Maghama
Maia코0=Maia
Mang코0=Mang
Manthall코0=Manthall
Manward코0=Manward
Mar-Adetta코0=Mar-Adetta
Maragdis코0=Maragdis
Marath코0=Marath
Mardom코0=Mardom
Mareenius코0=Mareenius
Mareid코0=Mareid
Marfark코0=Marfark
Markab코0=Markab
Markaz코0=Markaz
Masqal코0=Masqal
Matar코0=Matar
Matsonia코0=Matsonia
Mauthula코0=Mauthula
Mavall코0=Mavall
Mecura코0=Mecura
Medac코0=Medac
Medgar코0=Medgar
Media코0=Media
Mehrnaz코0=Mehrnaz
Meissa코0=Meissa
Menchib코0=Menchib
Mendoc코0=Mendoc
Menkar코0=Menkar
Menok코0=Menok
Meredith코0=Meredith
Merga코0=Merga
Merope코0=Merope
Meryl코0=Meryl
Mesarthim코0=Mesarthim
Mestros코0=Mestros
Meta-_코0=Meta- 
Mihil코0=Mihil
Mili코0=Mili
Millistamu코0=Millistamu
Minchir코0=Minchir
Mindara코0=Mindara
Minokh_코0=Minokh 
Mintaka코0=Mintaka
Mira코0=Mira
Mirach코0=Mirach
Mirce코0=Mirce
Mirzam코0=Mirzam
Mithar코0=Mithar
Mitin코0=Mitin
Mius코0=Mius
Mizar코0=Mizar
Molbion코0=Molbion
Molsir코0=Molsir
Monakidir코0=Monakidir
Monboth코0=Monboth
Moregard코0=Moregard
Mosthavon코0=Mosthavon
Mothellum코0=Mothellum
Mubblar코0=Mubblar
Muphrid코0=Muphrid
Murust코0=Murust
Muscida코0=Muscida
Mutatis코0=Mutatis
Muudstram코0=Muudstram
Myrum코0=Myrum
NY1K코0=NY1K
Najaga코0=Najaga
Naos코0=Naos
Nashira코0=Nashira
Navi코0=Navi
Neddum코0=Neddum
Neetris코0=Neetris
Nekkar코0=Nekkar
Nembus코0=Nembus
Nemozi코0=Nemozi
Neo-_코0=Neo- 
Neshmet코0=Neshmet
Niamba코0=Niamba
Nicanda코0=Nicanda
Nicor코0=Nicor
Niffra코0=Niffra
Nigiro코0=Nigiro
Nihal코0=Nihal
Nijil코0=Nijil
Nimolan코0=Nimolan
Nishpan코0=Nishpan
Nithascal코0=Nithascal
Nixahel코0=Nixahel
Nizatorom코0=Nizatorom
Nodox코0=Nodox
Nodro코0=Nodro
Nokkam코0=Nokkam
Nolyon코0=Nolyon
Nomotar코0=Nomotar
Norberg코0=Norberg
Nordak코0=Nordak
Norgon코0=Norgon
Nostea코0=Nostea
Nugaan코0=Nugaan
Nunki코0=Nunki
Nunus코0=Nunus
Nupran코0=Nupran
Nuranka코0=Nuranka
Nusakan코0=Nusakan
OD1N-코0=OD1N-
OR95코0=OR95
Obaeshoth코0=Obaeshoth
Obetellus코0=Obetellus
Obiysciuq코0=Obiysciuq
Obleon코0=Obleon
Obnoll코0=Obnoll
Obrium코0=Obrium
Obsholla코0=Obsholla
Obskyke코0=Obskyke
Occidan코0=Occidan
Ocheron코0=Ocheron
Ockrom코0=Ockrom
Odlamon코0=Odlamon
Ofeogliea코0=Ofeogliea
Oglkapus코0=Oglkapus
Ojlars코0=Ojlars
Okopleron코0=Okopleron
Okul코0=Okul
Olbers코0=Olbers
Olimar코0=Olimar
Olum코0=Olum
Omaggus코0=Omaggus
Onab코0=Onab
Ophang코0=Ophang
Ophele코0=Ophele
Opriiuq코0=Opriiuq
Oreb코0=Oreb
Orellia코0=Orellia
Orglion코0=Orglion
Orim코0=Orim
Orthama코0=Orthama
Oscurn코0=Oscurn
Osellus코0=Osellus
Oshimir코0=Oshimir
Oslippe코0=Oslippe
Osmadin코0=Osmadin
Osseq코0=Osseq
Ostichi코0=Ostichi
Ostiuq코0=Ostiuq
Othaana코0=Othaana
Othriga코0=Othriga
Othvomia코0=Othvomia
Ovany코0=Ovany
Ovastivum코0=Ovastivum
Oweprinda코0=Oweprinda
Owhziea코0=Owhziea
Owiecryke코0=Owiecryke
Oxamon코0=Oxamon
Oxcliri코0=Oxcliri
Ozaggamum코0=Ozaggamum
P1-코0=P1-
PT-RE-코0=PT-RE-
PX-4-코0=PX-4-
Padjitauron코0=Padjitauron
Paggol코0=Paggol
Pandill코0=Pandill
Paraggir코0=Paraggir
Parsax코0=Parsax
Pash코0=Pash
Pathavon코0=Pathavon
Patraggor코0=Patraggor
Pauunia코0=Pauunia
Pavagh코0=Pavagh
Peith코0=Peith
Pennek코0=Pennek
Pennosta코0=Pennosta
Pentarum코0=Pentarum
Perqim코0=Perqim
Pesch코0=Pesch
Peudeanus코0=Peudeanus
Peya코0=Peya
Phact코0=Phact
Phargis코0=Phargis
Pharrim코0=Pharrim
Pherkad코0=Pherkad
Phin코0=Phin
Phonok코0=Phonok
Piddahfir코0=Piddahfir
Pildram코0=Pildram
Piskus코0=Piskus
Pithria코0=Pithria
Pleeturi코0=Pleeturi
Pleione코0=Pleione
Plov코0=Plov
Poaa코0=Poaa
Pobbma코0=Pobbma
Poeuter코0=Poeuter
Polgara코0=Polgara
Poligar코0=Poligar
Pollux코0=Pollux
Polymar코0=Polymar
Polystea코0=Polystea
Ponnell코0=Ponnell
Porabim코0=Porabim
Porrima코0=Porrima
Post-_코0=Post- 
Pothria코0=Pothria
Pouo코0=Pouo
Pozuno코0=Pozuno
Propus코0=Propus
Pulcor코0=Pulcor
Puntrazed코0=Puntrazed
Pyla코0=Pyla
Pytham코0=Pytham
Q38코0=Q38
QH-코0=QH-
QW1코0=QW1
Qabji코0=Qabji
Qamm코0=Qamm
Qapra코0=Qapra
Qasmathon코0=Qasmathon
Qastan코0=Qastan
Qeffoth코0=Qeffoth
Qenus코0=Qenus
Qifitar코0=Qifitar
Qirbus코0=Qirbus
Qoclite코0=Qoclite
Qorrolla코0=Qorrolla
Quannaga코0=Quannaga
Qurus코0=Qurus
R2-코0=R2-
R66-코0=R66-
RLS-코0=RLS-
RX2-코0=RX2-
Rabinoc코0=Rabinoc
Rakaron코0=Rakaron
Raltry코0=Raltry
Ramman코0=Ramman
Rammas코0=Rammas
Rana코0=Rana
Ranction코0=Ranction
Rantemario코0=Rantemario
Rantor코0=Rantor
Raprix코0=Raprix
Rasalas코0=Rasalas
Rasalgethi코0=Rasalgethi
Rasalhague코0=Rasalhague
Raskamir코0=Raskamir
Rastaban코0=Rastaban
Rathadore코0=Rathadore
Raxum코0=Raxum
Rayima코0=Rayima
Raznum코0=Raznum
Reagg코0=Reagg
Redamon코0=Redamon
Reddor코0=Reddor
Regganus코0=Regganus
Regor코0=Regor
Regulus코0=Regulus
Reshell코0=Reshell
Revak코0=Revak
Riadore코0=Riadore
Riak코0=Riak
Ribblor코0=Ribblor
Ridathi코0=Ridathi
Riddigus코0=Riddigus
Rigel코0=Rigel
Riggot코0=Riggott
Rijjin코0=Rijjin
Rimborth코0=Rimborth
Rimdur코0=Rimdur
Rimmock코0=Rimmock
Rippigaur코0=Rippigaur
Rixim코0=Rixim
Roballius코0=Roballius
Roganoin코0=Roganoin
Romaccus코0=Romaccus
Romonox코0=Romonox
Romsir코0=Romsir
Romston코0=Romston
Roolan코0=Roolan
Roscan코0=Roscan
Roschon코0=Roschon
Rotanev코0=Rotanev
Rothyr코0=Rothyr
Rovannic코0=Rovannic
Rovgeddi코0=Rovgeddi
Rubiz코0=Rubiz
Ruchba코0=Ruchba
Ruinam코0=Ruinam
Rukbat코0=Rukbat
Runa코0=Runa
Rundore코0=Rundore
Ruqlar코0=Ruqlar
Rurius코0=Rurius
Ruthauri코0=Ruthauri
Ruul코0=Ruul
Rym코0=Rym
SL9-코0=SL9-
SP0-코0=SP0-
SSD-코0=SSD-
ST코0=ST
Sabik코0=Sabik
Sabtrok코0=Sabtrok
Sadalbari코0=Sadalbari
Sadatoni코0=Sadatoni
Saia코0=Saia
Saidainope코0=Saidainope
Saiph코0=Saiph
Saldar코0=Saldar
Saldropis코0=Saldropis
Sallax코0=Sallax
Salluria코0=Salluria
Samderaan코0=Samderaan
Samnivik코0=Samnivik
Sanopel코0=Sanopel
Santedaar코0=Santedaar
Saoezuno코0=Saoezuno
Saolea코0=Saolea
Saonus코0=Saonus
Sapad코0=Sapad
Saphiban코0=Saphiban
Sapir코0=Sapir
Saqqis코0=Saqqis
Sarack코0=Sarack
Saraklis코0=Saraklis
Saramore코0=Saramore
Sargas코0=Sargas
Sarpocchus코0=Sarpocchus
Sasharim코0=Sasharim
Sasin코0=Sasin
Sastram코0=Sastram
Sathama코0=Sathama
Satrinias코0=Satrinias
Saua코0=Saua
Sauu코0=Sauu
Savassic코0=Savassic
Sawomia코0=Sawomia
Sayhouvis코0=Sayhouvis
Sceptrum코0=Sceptrum
Scheat코0=Scheat
Scheddi코0=Scheddi
Schinik코0=Schinik
Scholl코0=Scholl
Scipiton코0=Scipiton
Scodd코0=Scodd
Scorom코0=Scorom
Seaetera코0=Seaetera
Segathia코0=Segathia
Seginus코0=Seginus
Sehueturn코0=Sehueturn
Seifarus코0=Seifarus
Seinides코0=Seinides
Selea코0=Selea
Selnoc코0=Selnoc
Seoo코0=Seoo
Seradon코0=Seradon
Serpess코0=Serpess
Sethelbak코0=Sethelbak
Seyyama코0=Seyyama
Shariat코0=Shariat
Shashamar코0=Shashamar
Shaula코0=Shaula
Sheliak코0=Sheliak
Sheratan코0=Sheratan
Shorax코0=Shorax
Shuckon코0=Shuckon
Shulmak코0=Shulmak
Shutra코0=Shutra
Siabaulia코0=Siabaulia
Siccon코0=Siccon
Sidor코0=Sidor
Sidyr코0=Sidyr
Sieagawa코0=Sieagawa
Siet코0=Siet
Sigge코0=Sigge
Siluj코0=Siluj
Simtinasca코0=Simtinasca
Sinistra코0=Sinistra
Siplim코0=Siplim
Sisaja코0=Sisaja
Sismak코0=Sismak
Situla코0=Situla
Siuhiri코0=Siuhiri
Siujeinia코0=Siujeinia
Siuruta코0=Siuruta
Siyieuzuno코0=Siyieuzuno
Siyliv코0=Siyliv
Sjoberg코0=Sjoberg
Skat코0=Skat
Soao코0=Soao
Soejiemia코0=Soejiemia
Soeyama코0=Soeyama
Soiu코0=Soiu
Sorcimax코0=Sorcimax
Sosta코0=Sosta
Soval코0=Soval
Soyun코0=Soyun
Spica코0=Spica
Spiram코0=Spiram
Srudma코0=Srudma
Starmagg코0=Starmagg
Stebbnar코0=Stebbnar
Stenlar코0=Stenlar
Sterope코0=Sterope
Stiridon코0=Stiridon
Stratal코0=Stratal
Strom코0=Strom
Sturil코0=Sturil
Subra코0=Subra
Subtranius코0=Subtranius
Sugeylia코0=Sugeylia
Suia코0=Suia
Super-_코0=Super- 
Superior코0=Superior
Suter코0=Suter
Suth코0=Suth
Suulan코0=Suulan
Suyo코0=Suyo
Swur코0=Swur
Sym코0=Sym
Syrma코0=Syrma
TVilkait코0=T'Vilkait
T-코0=T-
T-668코0=T-668
TBR-코0=TBR-
TD-1-_코0=TD-1- 
TE9-코0=TE9-
TF-B-코0=TF-B-
TFL-_코0=TFL- 
THX-코0=THX-
TLDR-코0=TLDR-
Taanafir코0=Taanafir
Tadasca코0=Tadasca
Taggallion코0=Taggallion
Takharam코0=Takharam
Takhvan코0=Takhvan
Talan코0=Talan
Talandra코0=Talandra
Tallasus코0=Tallasus
Taramba코0=Taramba
Taramda코0=Taramda
Tarazed코0=Tarazed
Targon코0=Targon
Tarrak코0=Tarrak
Tatanga코0=Tatanga
Tauagawa코0=Tauagawa
Taunrak코0=Taunrak
Tazri코0=Tazri
Teae코0=Teae
Tediss코0=Tediss
Teersonia코0=Teersonia
Tem코0=Tem
Tenecca코0=Tenecca
Terebellum코0=Terebellum
Terzam코0=Terzam
Tethell코0=Tethell
Teydialara코0=Teydialara
Teytera코0=Teytera
Thaaram코0=Thaaram
Thabit코0=Thabit
Theemin코0=Theemin
Thegglan코0=Thegglan
Thirimora코0=Thirimora
Thradd코0=Thradd
Thrish코0=Thrish
Thuban코0=Thuban
Tiakia코0=Tiakia
Tiamat코0=Tiamat
Tibbacor코0=Tibbacor
Tiblic코0=Tiblic
Tibor코0=Tibor
Tiffim코0=Tiffim
Tigira코0=Tigira
Tinab코0=Tinab
Tiom코0=Tiom
Tiqim코0=Tiqim
Tir코0=Tir
Tiralam코0=Tiralam
Tirim코0=Tirim
Tiriyok코0=Tiriyok
Tirmana코0=Tirmana
Tirramore코0=Tirramore
Tissilum코0=Tissilum
Tiuz코0=Tiuz
Toarus코0=Toarus
Toiubos코0=Toiubos
Torell코0=Torell
Toropia코0=Toropia
Torovil코0=Torovil
Torrom코0=Torrom
Toua코0=Toua
Trab코0=Trab
Trabalore코0=Trabalore
Trabano코0=Trabano
Trabbur코0=Trabbur
Trans-_코0=Trans- 
Trijam코0=Trijam
Trimus코0=Trimus
Trinnick코0=Trinnick
Troidom코0=Troidom
Tronde코0=Tronde
Tropallum코0=Tropallum
Trunt코0=Trunt
Tuayama코0=Tuayama
Tuban코0=Tuban
Tue코0=Tue
Tunobo코0=Tunobo
Turbick코0=Turbick
Tureis코0=Tureis
Turim코0=Turim
Tyastedore코0=Tyastedore
Tyl코0=Tyl
Tystra코0=Tystra
U-46코0=U-46
UL1M-코0=UL1M-
UT-9-코0=UT-9-
Ubliea코0=Ubliea
Ublion코0=Ublion
Uchbiea코0=Uchbiea
Uchromia코0=Uchromia
Uchxyke코0=Uchxyke
Ucrichi코0=Ucrichi
Uflao코0=Uflao
Ugarasti코0=Ugarasti
Uhgrone코0=Uhgrone
Uiafladus코0=Uiafladus
Ulassia코0=Ulassia
Uldor코0=Uldor
Ulkad코0=Ulkad
Ullus코0=Ullus
Ulm코0=Ulm
Ultra-_코0=Ultra- 
High_코0=High 
Ulym코0=Ulym
Umik코0=Umik
Unar코0=Unar
Unatra코0=Unatra
Unif코0=Unif
Unimar코0=Unimar
Unith코0=Unith
Unnabin코0=Unnabin
Unuk코0=Unuk
Unur코0=Unur
Uprfarvis코0=Uprfarvis
Uproth코0=Uproth
Upstoth코0=Upstoth
Uqallon코0=Uqallon
Urallion코0=Urallion
Urill코0=Urill
Urrom코0=Urrom
Uscomia코0=Uscomia
Ushakaron코0=Ushakaron
Ushminaria코0=Ushminaria
Usksion코0=Usksion
Usmzara코0=Usmzara
Ussaldon코0=Ussaldon
Ustir코0=Ustir
Uswkoria코0=Uswkoria
Uthan코0=Uthan
Uwheron코0=Uwheron
Uxfriri코0=Uxfriri
Uxplorix코0=Uxplorix
Uyiescapus코0=Uyiescapus
Uzayglore코0=Uzayglore
Uzun코0=Uzun
V4-XN-코0=V4-XN-
V413-코0=V413-
VIR-코0=VIR-
VTR-코0=VTR-
Vakradil코0=Vakradil
Vana코0=Vana
Vanniko코0=Vanniko
Variatus코0=Variatus
Vega코0=Vega
Velderaam코0=Velderaam
Veldoon코0=Veldoon
Vermillion코0=Vermillion
Vestallus코0=Vestallus
Veyer코0=Veyer
Vhallas코0=Vhallas
ViMaas코0=ViMaas
Vijimar코0=Vijimar
Vilth코0=Vilth
Vinjim코0=Vinjim
Virdamon코0=Virdamon
Viriak코0=Viriak
Vohaul코0=Vohaul
Vokkon코0=Vokkon
Voldop코0=Voldop
Vollonis코0=Vollonis
Volmaur코0=Volmaur
Voon코0=Voon
Vorsham코0=Vorsham
Vumm코0=Vumm
Vurul코0=Vurul
W1-H-코0=W1-H-
WO-코0=WO-
WPR-코0=WPR-
WX12-코0=WX12-
Waiphrid코0=Waiphrid
Walmoro코0=Walmoro
Waltom코0=Waltom
Walzirin코0=Walzirin
Wanambis코0=Wanambis
Wasat코0=Wasat
Wegmore코0=Wegmore
Weiguvis코0=Weiguvis
Wemoll코0=Wemoll
Weou코0=Weou
Wetij코0=Wetij
Wexellia코0=Wexellia
Wezen코0=Wezen
Whaskar코0=Whaskar
Wicklar코0=Wicklar
Widbarill코0=Widbarill
Wiertham코0=Wiertham
Wilcam코0=Wilcam
Wildore코0=Wildore
Wir코0=Wir
Wistral코0=Wistral
Withrilli코0=Withrilli
Withyr코0=Withyr
Witris코0=Witris
Witzen코0=Witzen
Wiyter코0=Wiyter
Wodriax코0=Wodriax
Wolgun코0=Wolgun
Wollaeus코0=Wollaeus
Wouu코0=Wouu
Wua코0=Wua
Wuae코0=Wuae
X-코0=X-
X-12-코0=X-12-
X9-코0=X9-
XC-코0=XC-
XR-7-코0=XR-7-
XXN-코0=XXN-
Xandebaan코0=Xandebaan
Xarmaton코0=Xarmaton
Xigar코0=Xigar
Ximpok코0=Ximpok
Xir코0=Xir
Xirak코0=Xirak
Xolton코0=Xolton
Xudra코0=Xudra
Y2K코0=Y2K
Y71코0=Y71
YZ9-코0=YZ9-
Yacury코0=Yacury
Yamither코0=Yamither
Yanduz코0=Yanduz
Yarak코0=Yarak
Yarragana코0=Yarragana
Ydria코0=Ydria
Yeedixa코0=Yeedixa
Yeelon코0=Yeelon
Yildun코0=Yildun
Yillion코0=Yillion
Yinin코0=Yinin
Yirba코0=Yirba
Yiriam코0=Yiriam
Ynessa코0=Ynessa
Yobhanir코0=Yobhanir
Yomon코0=Yomon
Yon코0=Yon
Yotla코0=Yotla
Yrgel코0=Yrgel
Yrogglia코0=Yrogglia
Yssom코0=Yssom
Yultup코0=Yultup
Yump코0=Yump
Yunak코0=Yunak
Yunduk코0=Yunduk
Yurus코0=Yurus
Yval코0=Yval
ZA-19-코0=ZA-19-
ZI3-코0=ZI3-
ZL-1-코0=ZL-1-
ZR-코0=ZR-
Zabeen코0=Zabeen
Zaffa코0=Zaffa
Zanbor코0=Zanbor
Zaniah코0=Zaniah
Zarim코0=Zarim
Zarqon코0=Zarqon
Zastea코0=Zastea
Zatar코0=Zatar
Zathmak코0=Zathmak
Zaurak코0=Zaurak
Zedran코0=Zedran
Zeldrah코0=Zeldrah
Zempek코0=Zempek
Zhir코0=Zhir
Zhoblar코0=Zhoblar
Ziamon코0=Ziamon
Zif코0=Zif
Zimatullon코0=Zimatullon
Zimtauri코0=Zimtauri
Ziobir코0=Ziobir
Zipir코0=Zipir
Ziris코0=Ziris
Zirq코0=Zirq
Zithri코0=Zithri
Zoldar코0=Zoldar
Zoldiore코0=Zoldiore
Zorf코0=Zorf
Zosma코0=Zosma
Zowod코0=Zowod
Zuben코0=Zuben
Rhodan코0=Rhodan
Mayer코0=Mayer
Swarm코0=Swarm
Horde코0=Horde
Throng코0=Throng
Devourers코0=Devourers
Entity코0=Entity
Host코0=Host
Multitude코0=Multitude
Organism코0=Organism
Prime코0=Prime
Raveners코0=Raveners
Supremacy코0=Supremacy
Unity코0=Unity
Primacy코0=Primacy
Dominance코0=Dominance
Future코0=Future
Ascendancy코0=Ascendancy
Superiority코0=Superiority
Preservation코0=Preservation
Purity코0=Purity
Continuum코0=Continuum
Continuance코0=Continuance
Continuity코0=Continuity
Final_Directive코0=Final Directive
Defense_Protocol코0=Defense Protocol
Custodian_Process코0=Custodian Process
Glitched_Defense_Unit코0=Glitched Defense Unit
Defective_Custodian코0=Defective Custodian
Corrupted_Caretakers코0=Corrupted Caretakers
Boro_Baba코0=Boro Baba
Kuiper코0=Kuiper
Majek코0=Majek
Brink코0=Brink
Veit코0=Veit
Katz코0=Katz
Il_Ya코0=Il-Ya
Eye_of_Hawking코0=Eye of Hawking
NAME_Subspace_Rupture_1코0=Subspace Rupture F-49
NAME_Subspace_Rupture_2코0=Subspace Rupture RX-199
NAME_Subspace_Rupture_3코0=Subspace Rupture G-12
NAME_Subspace_Rupture_4코0=Subspace Rupture NL-889
NAME_Subspace_Rupture_5코0=Subspace Rupture QX-3
NAME_Subspace_Rupture_6코0=Subspace Rupture NGR-412
NAME_Subspace_Rupture_7코0=Subspace Rupture ZT-34
NAME_Subspace_Rupture_8코0=Subspace Rupture F-311
NAME_Subspace_Rupture_9코0=Subspace Rupture SX-77
NAME_Subspace_Rupture_10코0=Subspace Rupture PL-4499
Anti_AI_Police_Action코0=Anti-AI Police Action
Independence_War코0=Independence War
War_of_Independence코0=War of Independence
War_of_Liberation코0=War of Liberation
Freedom_Struggle코0=Freedom Struggle
Secessionist_War코0=Secessionist War
Great_War코0=Great War
Galactic_War코0=Galactic War
War_of_the_Alliances코0=War of the Alliances
Federation_War코0=Federation War
War_of_Conquest코0=War of Conquest
War_of_Aggression코0=War of Aggression
Territorial코0=Territorial Invasion
Annexation_Attempt코0=Annexation Attempt
Hostile_Takeover코0=Hostile Takeover
War_of_Subjugation코0=War of Subjugation
Servitude_Campaign코0=Servitude Campaign
War_of_Obedience코0=War of Obedience
War_of_Overlordship코0=War of Overlordship
Subsidiary_Acquisition코0=Subsidiary Acquisition
War_for_the_Galatron코0=War for the Galatron
Embargo_War코0=Embargo War
War_of_Expropriation코0=War of Expropriation
Expulsion_War코0=Expulsion War
Tributary_War코0=Tributary War
Enforced_Sponsorship코0=Enforced Sponsorship
War_of_Ideologies코0=War of Ideologies
War_of_Philosophies코0=War of Philosophies
War_of_Beliefs코0=War of Beliefs
War_of_Humiliation코0=War of Humiliation
War_of_Rivalry코0=War of Rivalry
Confrontation코0=Confrontation
Border_War코0=Border War
Punitive_Expedition코0=Punitive Expedition
Moral_Intervention코0=Moral Intervention
Holy_Purge코0=Holy Purge
Buffer_Zone_Creation코0=Buffer Zone Creation
Machine_Uprising코0=Machine Uprising
The_War_in_Heaven코0=The_War in Heaven
Preventive_War코0=Preventive War
Self_Protection_War코0=Self-Protection War
Preemptive_Action코0=Preemptive Action
Intervention_War코0=Intervention War
Xeno_Purification_War코0=Xeno Purification War
War_of_Cleansing코0=War of Cleansing
Xeno_Filth_Removal코0=Xeno Filth Removal
Organic_Euthanization_War코0=Organic Euthanization War
Extermination_Campaign코0=Extermination Campaign
Organic_Disinfection_Program코0=Organic Disinfection Program
Absorption_War코0=Absorption War
Biomass_Accumulation코0=Biomass Accumulation
Great_Gorging코0=Great Gorging
Elgerot코0=Elgerot
Berni코0=Berni
Mura코0=Mura
Thomso코0=Thomso
Plessis코0=Plessis
Poru코0=Poru
Lane코0=Lane
Aazrof코0=Aazrof
Burs코0=Burs
Daiglon코0=Daiglon
Potap코0=Potap
Depre코0=Depre
Meneth코0=Meneth
Mathrop코0=Mathrop
Ulrikae코0=Ulrikae
Eye_of_Bal코0=Eye of Bal
Strubius코0=Strubius
Aytoun코0=Aytoun
Fenni코0=Fenni
Romin코0=Romin
Emdin코0=Emdin
Regis코0=Regis
Lem코0=Lem
Manifesti코0=Manifesti
Partay코0=Par-tay
Dalliance코0=Dalliance
Palette코0=Palette
Convolution코0=Convolution
Praxis코0=Praxis
Weave코0=Weave

#Faction Names
Authoritarian코0=Authoritarian
Banner_of_Triumph코0=Banner of Triumph
Battle_Brethren코0=Battle Brethren
Citizen_Elite코0=Citizen Elite
Citizen_Obedience코0=Citizen Obedience
Citizen_Self_Determinism코0=Citizen Self-Determinism
Citizens_for_Freedom코0=Citizens for Freedom
Closed_Borders코0=Closed Borders
Crimson_Warrior_Lodge코0=Crimson Warrior Lodge
Defense_First코0=Defense First
Defensive_Readiness코0=Defensive Readiness
Democratic_Reform코0=Democratic Reform
Democratic_Rights코0=Democratic Rights
Drumbeat_of_Victory_Party코0=Drumbeat of Victory Party
Economic_Development코0=Economic Development
Electoral_Freedom코0=Electoral Freedom
Eternal_Vigilance코0=Eternal Vigilance
First_Strike_Legion코0=First Strike Legion
for_the_Advancement_of_Science코0=for the Advancement of Science
Free_Citizen코0=Free Citizen
Free_Elections코0=Free Elections
Free_Thought코0=Free Thought
Friends_of_Liberty코0=Friends of Liberty
Full_Enfranchisement코0=Full Enfranchisement
Galactic_Emancipation코0=Galactic Emancipation
Glory_Initiative코0=Glory Initiative
Hierarchical코0=Hierarchical
Imperial_Unity코0=Imperial Unity
Individual_Choice코0=Individual Choice
Internal_Development코0=Internal Development
Internal_Growth코0=Internal Growth
Internal_Strength코0=Internal Strength
Knights_of_the_Void코0=Knights of the Void
Liberty_Now코0=Liberty Now
Loyal_Citizenry코0=Loyal Citizenry
March_of_the_Brave코0=March of the Brave
Martial_Order_of_the_Thorn코0=Martial Order of the Thorn
Martial_Supremacy_Alliance코0=Martial Supremacy Alliance
Military_Industrial_Complex코0=Military-Industrial Complex
Military_Officers_Association코0=Military Officers Association
Monarchist코0=Monarchist
National_Wealth코0=National Wealth
National_Evolvement코0=National Evolvement
National_Growth코0=National Growth
National_Preparedness코0=National Preparedness
National_Prosperity코0=National Prosperity
National_Stability코0=National Stability
Neutrality코0=Neutrality
No_Entanglements코0=No Entanglements
Noble_Privilege코0=Noble Privilege
Non_Interventionist코0=Non-Interventionist
Obedience_Loyalty_and_Duty코0=Obedience, Loyalty and Duty
of_Advanced_Sciences코0=of Advanced Sciences
of_Divine_Guidance코0=of Divine Guidance
of_Exalted_Clergy코0=of Exalted Clergy
of_Faith_and_Values코0=of Faith and Values
of_High_Technology코0=of High Technology
of_Higher_Learning코0=of Higher Learning
of_Metaphysical_Cleansing코0=of Metaphysical Cleansing
of_Pious_Traditionalists코0=of Pious Traditionalists
of_Religious_Conservatism코0=of Religious Conservatism
of_Research_Efficiency코0=of Research Efficiency
of_Robotic_Sciences코0=of Robotic Sciences
of_Sacred_Traditions코0=of Sacred Traditions
of_Scientific_Ascendancy코0=of Scientific Ascendancy
of_Scientific_Betterment코0=of Scientific Betterment
of_Scientific_Scholars코0=of Scientific Scholars
of_Spiritual_Philosophy코0=of Spiritual Philosophy
of_Spiritual_Redemption코0=of Spiritual Redemption
of_Spiritualism_Unchained코0=of Spiritualism Unchained
of_Spiritualists코0=of Spiritualists
of_Technocratic_Reform코0=of Technocratic Reform
of_Technological_Mastery코0=of Technological Mastery
of_Technological_Progress코0=of Technological Progress
of_Technologists코0=of Technologists
of_the_High_Priesthood코0=of the High Priesthood
of_the_Sacrosanct_Truths코0=of the Sacrosanct Truths
of_the_True_Gospel코0=of the True Gospel
of_Traditional_Foundations코0=of Traditional Foundations
of_Traditional_Values코0=of Traditional Values
of_United_Scientists코0=of United Scientists
One_Throne코0=One Throne
Operation_Battle_Cry코0=Operation Battle Cry
Order_of_the_Burning_Star코0=Order of the Burning Star
Ordered_Society코0=Ordered Society
Path_to_Victory_Committee코0=Path to Victory Committee
Patriotic_Vanguard코0=Patriotic Vanguard
Peace_and_Order코0=Peace and Order
Peace_and_Prosperity코0=Peace and Prosperity
Peaceful_Advancement코0=Peaceful Advancement
Peaceful_Progress코0=Peaceful Progress
Popular_Vote코0=Popular Vote
Progress_Peace_Prosperity코0=Progress, Peace, Prosperity
Progress_Promotion코0=Progress Promotion
Prosperity코0=Prosperity
Red_Legion코0=Red Legion
Silver_Guard코0=Silver Guard
Strength_Through_Conquest_Coalition코0=Strength Through Conquest Coalition
Strength_Through_Unity코0=Strength Through Unity
True_Democracy코0=True Democracy
United_As_One코0=United as One
Vanguard_of_the_Chosen코0=Vanguard of the Chosen
Veterans_for_Victory_Movement코0=Veterans for Victory Movement
Wealth_Promotion코0=Wealth Promotion
Whetstone_Initiative코0=Whetstone Initiative

Center코0=Center
Foundation코0=Foundation
Initiative코0=Initiative
Society코0=Society
Watch코0=Watch
Group코0=Group
Network코0=Network
Forum코0=Forum
Convention코0=Convention
Board코0=Board
Lobby코0=Lobby
Academy코0=Academy
Institute코0=Institute
Church코0=Church
Conclave코0=Conclave
Alien코0=Alien
Xeno코0=Xeno
Rights코0=Rights
Tolerance코0=Tolerance
Friendship코0=Friendship
Equality코0=Equality
Justice코0=Justice
Compassion코0=Compassion
Protection코0=Protection
Aid코0=Aid
Reform코0=Reform
Awareness코0=Awareness
Suffrage코0=Suffrage
Trust코0=Trust
Observatory코0=Observatory

#Megacorp empire names
Corporation코0=Corporation
Corporate_Union코0=Corporate Union
Corporate_Alliance코0=Coroporate Alliance
Corporate_Holdings코0=Corporate Holdings
Star_Conglomerate코0=Star Conglomerate
Enterprises코0=Enterprises
Partnership코0=Partnership
Stellar_Industries코0=Stellar Industries
Company코0=Company
Consumer_Products코0=Consumer Products
StarCorp코0=StarCorp
Synergetics코0=Synergetics
Incorporated코0=Incorporated
Manufacturing코0=Manufacturing
Industries코0=Industries
Communion코0=Communion
Star_Church코0=Star Church
Church_of_Tomorrow코0=Church of Tomorrow
First_Church코0=First Church
Church_of_Prosperity코0=Church of Prosperity
Messianic_Union코0=Messianic Union
Sacred_Conglomerate코0=Sacred Conglomerate
Holy_Enterprise코0=Holy Enterprise
New_Ascensionists코0=New Ascensionists
Denomination코0=Denomination
Fellowship_Temple코0=Fellowship Temple
Temple_of_Renewal코0=Temple of Renewal
Golden_Foundation코0=Golden Foundation
Mercantile_Union코0=Mercantile Union
Commerce_Guild코0=Commerce Guild
Commerce_League코0=Commerce League
Trading_Consortium코0=Trading Consortium
Mercantile_Guilds코0=Mercantile Guilds
Trade_Commission코0=Trade Commission
Trade_Union코0=Trade Union
Free_Traders코0=Free Traders
Trading_Coalition코0=Trading Coalition
Bonded_Merchants코0=Bonded Merchants
Shipping_Alliance코0=Shipping Alliance
Chosen코0=Chosen
High_Kingdom코0=High Kingdom
Enlightened_Kingdom코0=Enlightened Kingdom
Star_Realm코0=Star Realm
Star_Dynasty코0=Star Dynasty
Dynastic_Union코0=Dynastic Union

#Megacorp names
Multistellar코0=Multistellar
Concern코0=Concern
TransStellar코0=TransStellar
Dynamics코0=Dynamics
Intersolar코0=Intersolar
Commune코0=Commune
Peoples_Republic코0=People's Republic
Peoples_Union코0=People's Union
Communal_State코0=Communal State
Solidarity코0=Solidarity
Parity코0=Parity
Aggregate코0=Aggregate
Trade_Association코0=Trade Association
Monopoly코0=Monopoly
Cult코0=Cult
Sect코0=Sect
Prophets코0=Prophets
Trueborn코0=Trueborn
Messengers코0=Messengers
Pilgrims코0=Pilgrims
Triad코0=Triad
Cabal코0=Cabal
Clique코0=Clique
Coterie코0=Coterie

#Fanatical Purifier names
Destroyers코0=Destroyers
Bloodletters코0=Bloodletters
Annihilators코0=Annihilators
Exterminators코0=Exterminators
Eradicators코0=Eradicators
Despoilers코0=Despoilers
Purifiers코0=Purifiers
Cleansers코0=Cleansers
Berserkers코0=Berserkers
Skull_Lords코0=Skull Lords
Bloodborn코0=Bloodborn
Executioners코0=Executioners
Heralds_of_Death코0=Heralds of Death
Punishers코0=Punishers
Chosen코0=Chosen
Death_Bringers코0=Death Bringers
Slaughterers코0=Slaughterers
Butchers코0=Butchers
Star_Hunters코0=Star Hunters
Euthanizers코0=Euthanizers
Silencers코0=Silencers
Death_Lords코0=Death Lords
Decimators코0=Decimators
Obliterators코0=Obliterators
Slayers코0=Slayers
Reapers코0=Reapers

Absorbers코0=Absorbers
Machine_Intelligence코0=Machine Intelligence
Smart_Bot코0=Smart Bot
Airweb코0=Airweb
Cold_Steel코0=Cold Steel
Lethal_Instrument코0=Lethal Instrument

#Necroids names
Hungry코0=Hungry
Ravenous코0=Ravenous
Esurient코0=Esurient
Insatiable코0=Insatiable
Edacious코0=Edacious
Gourmand코0=Gourmand
Eaters코0=Eaters
Necromages코0=Necromages
Provisioners코0=Provisioners
Masticators코0=Masticators
